row_kind	job_id	trial_name	condition	task_id	source_run_root	bundle_dir	result_json	job_log	trial_log	metadata_json	verification_log	verification_reward_txt	verification_ctrf_json	agent_dir	verifier_dir	reward	wall_minutes	status	n_total_trials	n_completed_trials	n_running_trials	n_pending_trials	n_errored_trials	exception_kind	exception_count	infra_failure_kind	infra_failure_count	input_tokens	cached_input_tokens	output_tokens	cost_usd	input_tokens_missing_cause	cached_input_tokens_missing_cause	output_tokens_missing_cause	cost_usd_missing_cause
aggregate	2026-05-15__20-13-26		argus-v12-redux		/home/argustest/argus-skill/experiments/tb2-argus-v12-redux-20260515T201322Z	jobs/raw/2026-05-15__20-13-26	jobs/raw/2026-05-15__20-13-26/result.json	jobs/raw/2026-05-15__20-13-26/job.log		jobs/raw/2026-05-15__20-13-26/metadata.json						0	43.34	completed	89	89	0	0	17	none	0	docker_address_pool_exhaustion	1					aggregate_result_missing_token_total	aggregate_result_missing_token_total	aggregate_result_missing_token_total	aggregate_result_missing_cost_total
trial	2026-05-15__20-13-26__adaptive-rejection-sampler__7cUxXgj	adaptive-rejection-sampler__7cUxXgj	argus-v12-redux	adaptive-rejection-sampler	/home/argustest/argus-skill/experiments/tb2-argus-v12-redux-20260515T201322Z	jobs/raw/2026-05-15__20-13-26/adaptive-rejection-sampler__7cUxXgj	jobs/raw/2026-05-15__20-13-26/adaptive-rejection-sampler__7cUxXgj/result.json		jobs/raw/2026-05-15__20-13-26/adaptive-rejection-sampler__7cUxXgj/trial.log	jobs/raw/2026-05-15__20-13-26/adaptive-rejection-sampler__7cUxXgj/config.json	jobs/raw/2026-05-15__20-13-26/adaptive-rejection-sampler__7cUxXgj/verifier/test-stdout.txt	jobs/raw/2026-05-15__20-13-26/adaptive-rejection-sampler__7cUxXgj/verifier/reward.txt	jobs/raw/2026-05-15__20-13-26/adaptive-rejection-sampler__7cUxXgj/verifier/ctrf.json	jobs/raw/2026-05-15__20-13-26/adaptive-rejection-sampler__7cUxXgj/agent	jobs/raw/2026-05-15__20-13-26/adaptive-rejection-sampler__7cUxXgj/verifier	0	6.25	completed						none	0	none	0					trial_result_missing_token_total	trial_result_missing_token_total	trial_result_missing_token_total	trial_result_missing_cost_total
trial	2026-05-15__20-13-26__bn-fit-modify__jK58zQ2	bn-fit-modify__jK58zQ2	argus-v12-redux	bn-fit-modify	/home/argustest/argus-skill/experiments/tb2-argus-v12-redux-20260515T201322Z	jobs/raw/2026-05-15__20-13-26/bn-fit-modify__jK58zQ2	jobs/raw/2026-05-15__20-13-26/bn-fit-modify__jK58zQ2/result.json		jobs/raw/2026-05-15__20-13-26/bn-fit-modify__jK58zQ2/trial.log	jobs/raw/2026-05-15__20-13-26/bn-fit-modify__jK58zQ2/config.json				jobs/raw/2026-05-15__20-13-26/bn-fit-modify__jK58zQ2/agent	jobs/raw/2026-05-15__20-13-26/bn-fit-modify__jK58zQ2/verifier	0	0.43	error						RuntimeError	1	docker_address_pool_exhaustion	1					trial_result_missing_token_total	trial_result_missing_token_total	trial_result_missing_token_total	trial_result_missing_cost_total
trial	2026-05-15__20-13-26__break-filter-js-from-html__cwChfeY	break-filter-js-from-html__cwChfeY	argus-v12-redux	break-filter-js-from-html	/home/argustest/argus-skill/experiments/tb2-argus-v12-redux-20260515T201322Z	jobs/raw/2026-05-15__20-13-26/break-filter-js-from-html__cwChfeY	jobs/raw/2026-05-15__20-13-26/break-filter-js-from-html__cwChfeY/result.json		jobs/raw/2026-05-15__20-13-26/break-filter-js-from-html__cwChfeY/trial.log	jobs/raw/2026-05-15__20-13-26/break-filter-js-from-html__cwChfeY/config.json	jobs/raw/2026-05-15__20-13-26/break-filter-js-from-html__cwChfeY/verifier/test-stdout.txt	jobs/raw/2026-05-15__20-13-26/break-filter-js-from-html__cwChfeY/verifier/reward.txt	jobs/raw/2026-05-15__20-13-26/break-filter-js-from-html__cwChfeY/verifier/ctrf.json	jobs/raw/2026-05-15__20-13-26/break-filter-js-from-html__cwChfeY/agent	jobs/raw/2026-05-15__20-13-26/break-filter-js-from-html__cwChfeY/verifier	0	6.73	completed						none	0	none	0					trial_result_missing_token_total	trial_result_missing_token_total	trial_result_missing_token_total	trial_result_missing_cost_total
trial	2026-05-15__20-13-26__build-cython-ext__5KcvRDE	build-cython-ext__5KcvRDE	argus-v12-redux	build-cython-ext	/home/argustest/argus-skill/experiments/tb2-argus-v12-redux-20260515T201322Z	jobs/raw/2026-05-15__20-13-26/build-cython-ext__5KcvRDE	jobs/raw/2026-05-15__20-13-26/build-cython-ext__5KcvRDE/result.json		jobs/raw/2026-05-15__20-13-26/build-cython-ext__5KcvRDE/trial.log	jobs/raw/2026-05-15__20-13-26/build-cython-ext__5KcvRDE/config.json	jobs/raw/2026-05-15__20-13-26/build-cython-ext__5KcvRDE/verifier/test-stdout.txt	jobs/raw/2026-05-15__20-13-26/build-cython-ext__5KcvRDE/verifier/reward.txt	jobs/raw/2026-05-15__20-13-26/build-cython-ext__5KcvRDE/verifier/ctrf.json	jobs/raw/2026-05-15__20-13-26/build-cython-ext__5KcvRDE/agent	jobs/raw/2026-05-15__20-13-26/build-cython-ext__5KcvRDE/verifier	0	2.12	completed						none	0	none	0					trial_result_missing_token_total	trial_result_missing_token_total	trial_result_missing_token_total	trial_result_missing_cost_total
trial	2026-05-15__20-13-26__build-pmars__C4Mx2Ei	build-pmars__C4Mx2Ei	argus-v12-redux	build-pmars	/home/argustest/argus-skill/experiments/tb2-argus-v12-redux-20260515T201322Z	jobs/raw/2026-05-15__20-13-26/build-pmars__C4Mx2Ei	jobs/raw/2026-05-15__20-13-26/build-pmars__C4Mx2Ei/result.json		jobs/raw/2026-05-15__20-13-26/build-pmars__C4Mx2Ei/trial.log	jobs/raw/2026-05-15__20-13-26/build-pmars__C4Mx2Ei/config.json	jobs/raw/2026-05-15__20-13-26/build-pmars__C4Mx2Ei/verifier/test-stdout.txt	jobs/raw/2026-05-15__20-13-26/build-pmars__C4Mx2Ei/verifier/reward.txt	jobs/raw/2026-05-15__20-13-26/build-pmars__C4Mx2Ei/verifier/ctrf.json	jobs/raw/2026-05-15__20-13-26/build-pmars__C4Mx2Ei/agent	jobs/raw/2026-05-15__20-13-26/build-pmars__C4Mx2Ei/verifier	0	2.56	completed						none	0	none	0					trial_result_missing_token_total	trial_result_missing_token_total	trial_result_missing_token_total	trial_result_missing_cost_total
trial	2026-05-15__20-13-26__build-pov-ray__mkKecPB	build-pov-ray__mkKecPB	argus-v12-redux	build-pov-ray	/home/argustest/argus-skill/experiments/tb2-argus-v12-redux-20260515T201322Z	jobs/raw/2026-05-15__20-13-26/build-pov-ray__mkKecPB	jobs/raw/2026-05-15__20-13-26/build-pov-ray__mkKecPB/result.json		jobs/raw/2026-05-15__20-13-26/build-pov-ray__mkKecPB/trial.log	jobs/raw/2026-05-15__20-13-26/build-pov-ray__mkKecPB/config.json	jobs/raw/2026-05-15__20-13-26/build-pov-ray__mkKecPB/verifier/test-stdout.txt	jobs/raw/2026-05-15__20-13-26/build-pov-ray__mkKecPB/verifier/reward.txt	jobs/raw/2026-05-15__20-13-26/build-pov-ray__mkKecPB/verifier/ctrf.json	jobs/raw/2026-05-15__20-13-26/build-pov-ray__mkKecPB/agent	jobs/raw/2026-05-15__20-13-26/build-pov-ray__mkKecPB/verifier	0	3.42	completed						none	0	none	0					trial_result_missing_token_total	trial_result_missing_token_total	trial_result_missing_token_total	trial_result_missing_cost_total
trial	2026-05-15__20-13-26__caffe-cifar-10__Dv7cJSS	caffe-cifar-10__Dv7cJSS	argus-v12-redux	caffe-cifar-10	/home/argustest/argus-skill/experiments/tb2-argus-v12-redux-20260515T201322Z	jobs/raw/2026-05-15__20-13-26/caffe-cifar-10__Dv7cJSS	jobs/raw/2026-05-15__20-13-26/caffe-cifar-10__Dv7cJSS/result.json		jobs/raw/2026-05-15__20-13-26/caffe-cifar-10__Dv7cJSS/trial.log	jobs/raw/2026-05-15__20-13-26/caffe-cifar-10__Dv7cJSS/config.json	jobs/raw/2026-05-15__20-13-26/caffe-cifar-10__Dv7cJSS/verifier/test-stdout.txt	jobs/raw/2026-05-15__20-13-26/caffe-cifar-10__Dv7cJSS/verifier/reward.txt	jobs/raw/2026-05-15__20-13-26/caffe-cifar-10__Dv7cJSS/verifier/ctrf.json	jobs/raw/2026-05-15__20-13-26/caffe-cifar-10__Dv7cJSS/agent	jobs/raw/2026-05-15__20-13-26/caffe-cifar-10__Dv7cJSS/verifier	0	3.98	completed						none	0	none	0					trial_result_missing_token_total	trial_result_missing_token_total	trial_result_missing_token_total	trial_result_missing_cost_total
trial	2026-05-15__20-13-26__cancel-async-tasks__Ls5pmEi	cancel-async-tasks__Ls5pmEi	argus-v12-redux	cancel-async-tasks	/home/argustest/argus-skill/experiments/tb2-argus-v12-redux-20260515T201322Z	jobs/raw/2026-05-15__20-13-26/cancel-async-tasks__Ls5pmEi	jobs/raw/2026-05-15__20-13-26/cancel-async-tasks__Ls5pmEi/result.json		jobs/raw/2026-05-15__20-13-26/cancel-async-tasks__Ls5pmEi/trial.log	jobs/raw/2026-05-15__20-13-26/cancel-async-tasks__Ls5pmEi/config.json	jobs/raw/2026-05-15__20-13-26/cancel-async-tasks__Ls5pmEi/verifier/test-stdout.txt	jobs/raw/2026-05-15__20-13-26/cancel-async-tasks__Ls5pmEi/verifier/reward.txt	jobs/raw/2026-05-15__20-13-26/cancel-async-tasks__Ls5pmEi/verifier/ctrf.json	jobs/raw/2026-05-15__20-13-26/cancel-async-tasks__Ls5pmEi/agent	jobs/raw/2026-05-15__20-13-26/cancel-async-tasks__Ls5pmEi/verifier	0	3.50	completed						none	0	none	0					trial_result_missing_token_total	trial_result_missing_token_total	trial_result_missing_token_total	trial_result_missing_cost_total
trial	2026-05-15__20-13-26__chess-best-move__hA55oFs	chess-best-move__hA55oFs	argus-v12-redux	chess-best-move	/home/argustest/argus-skill/experiments/tb2-argus-v12-redux-20260515T201322Z	jobs/raw/2026-05-15__20-13-26/chess-best-move__hA55oFs	jobs/raw/2026-05-15__20-13-26/chess-best-move__hA55oFs/result.json		jobs/raw/2026-05-15__20-13-26/chess-best-move__hA55oFs/trial.log	jobs/raw/2026-05-15__20-13-26/chess-best-move__hA55oFs/config.json	jobs/raw/2026-05-15__20-13-26/chess-best-move__hA55oFs/verifier/test-stdout.txt	jobs/raw/2026-05-15__20-13-26/chess-best-move__hA55oFs/verifier/reward.txt	jobs/raw/2026-05-15__20-13-26/chess-best-move__hA55oFs/verifier/ctrf.json	jobs/raw/2026-05-15__20-13-26/chess-best-move__hA55oFs/agent	jobs/raw/2026-05-15__20-13-26/chess-best-move__hA55oFs/verifier	0	3.76	completed						none	0	none	0					trial_result_missing_token_total	trial_result_missing_token_total	trial_result_missing_token_total	trial_result_missing_cost_total
trial	2026-05-15__20-13-26__circuit-fibsqrt__JgGKgb5	circuit-fibsqrt__JgGKgb5	argus-v12-redux	circuit-fibsqrt	/home/argustest/argus-skill/experiments/tb2-argus-v12-redux-20260515T201322Z	jobs/raw/2026-05-15__20-13-26/circuit-fibsqrt__JgGKgb5	jobs/raw/2026-05-15__20-13-26/circuit-fibsqrt__JgGKgb5/result.json		jobs/raw/2026-05-15__20-13-26/circuit-fibsqrt__JgGKgb5/trial.log	jobs/raw/2026-05-15__20-13-26/circuit-fibsqrt__JgGKgb5/config.json	jobs/raw/2026-05-15__20-13-26/circuit-fibsqrt__JgGKgb5/verifier/test-stdout.txt	jobs/raw/2026-05-15__20-13-26/circuit-fibsqrt__JgGKgb5/verifier/reward.txt	jobs/raw/2026-05-15__20-13-26/circuit-fibsqrt__JgGKgb5/verifier/ctrf.json	jobs/raw/2026-05-15__20-13-26/circuit-fibsqrt__JgGKgb5/agent	jobs/raw/2026-05-15__20-13-26/circuit-fibsqrt__JgGKgb5/verifier	0	3.69	completed						none	0	none	0					trial_result_missing_token_total	trial_result_missing_token_total	trial_result_missing_token_total	trial_result_missing_cost_total
trial	2026-05-15__20-13-26__cobol-modernization__BLGbr59	cobol-modernization__BLGbr59	argus-v12-redux	cobol-modernization	/home/argustest/argus-skill/experiments/tb2-argus-v12-redux-20260515T201322Z	jobs/raw/2026-05-15__20-13-26/cobol-modernization__BLGbr59	jobs/raw/2026-05-15__20-13-26/cobol-modernization__BLGbr59/result.json		jobs/raw/2026-05-15__20-13-26/cobol-modernization__BLGbr59/trial.log	jobs/raw/2026-05-15__20-13-26/cobol-modernization__BLGbr59/config.json	jobs/raw/2026-05-15__20-13-26/cobol-modernization__BLGbr59/verifier/test-stdout.txt	jobs/raw/2026-05-15__20-13-26/cobol-modernization__BLGbr59/verifier/reward.txt	jobs/raw/2026-05-15__20-13-26/cobol-modernization__BLGbr59/verifier/ctrf.json	jobs/raw/2026-05-15__20-13-26/cobol-modernization__BLGbr59/agent	jobs/raw/2026-05-15__20-13-26/cobol-modernization__BLGbr59/verifier	0	3.13	completed						none	0	none	0					trial_result_missing_token_total	trial_result_missing_token_total	trial_result_missing_token_total	trial_result_missing_cost_total
trial	2026-05-15__20-13-26__code-from-image__9nN63nv	code-from-image__9nN63nv	argus-v12-redux	code-from-image	/home/argustest/argus-skill/experiments/tb2-argus-v12-redux-20260515T201322Z	jobs/raw/2026-05-15__20-13-26/code-from-image__9nN63nv	jobs/raw/2026-05-15__20-13-26/code-from-image__9nN63nv/result.json		jobs/raw/2026-05-15__20-13-26/code-from-image__9nN63nv/trial.log	jobs/raw/2026-05-15__20-13-26/code-from-image__9nN63nv/config.json				jobs/raw/2026-05-15__20-13-26/code-from-image__9nN63nv/agent	jobs/raw/2026-05-15__20-13-26/code-from-image__9nN63nv/verifier	0	0.07	error						RuntimeError	1	docker_address_pool_exhaustion	1					trial_result_missing_token_total	trial_result_missing_token_total	trial_result_missing_token_total	trial_result_missing_cost_total
trial	2026-05-15__20-13-26__compile-compcert__Ph9SsFt	compile-compcert__Ph9SsFt	argus-v12-redux	compile-compcert	/home/argustest/argus-skill/experiments/tb2-argus-v12-redux-20260515T201322Z	jobs/raw/2026-05-15__20-13-26/compile-compcert__Ph9SsFt	jobs/raw/2026-05-15__20-13-26/compile-compcert__Ph9SsFt/result.json		jobs/raw/2026-05-15__20-13-26/compile-compcert__Ph9SsFt/trial.log	jobs/raw/2026-05-15__20-13-26/compile-compcert__Ph9SsFt/config.json	jobs/raw/2026-05-15__20-13-26/compile-compcert__Ph9SsFt/verifier/test-stdout.txt	jobs/raw/2026-05-15__20-13-26/compile-compcert__Ph9SsFt/verifier/reward.txt	jobs/raw/2026-05-15__20-13-26/compile-compcert__Ph9SsFt/verifier/ctrf.json	jobs/raw/2026-05-15__20-13-26/compile-compcert__Ph9SsFt/agent	jobs/raw/2026-05-15__20-13-26/compile-compcert__Ph9SsFt/verifier	0	4.35	completed						none	0	none	0					trial_result_missing_token_total	trial_result_missing_token_total	trial_result_missing_token_total	trial_result_missing_cost_total
trial	2026-05-15__20-13-26__configure-git-webserver__6ZLjGPe	configure-git-webserver__6ZLjGPe	argus-v12-redux	configure-git-webserver	/home/argustest/argus-skill/experiments/tb2-argus-v12-redux-20260515T201322Z	jobs/raw/2026-05-15__20-13-26/configure-git-webserver__6ZLjGPe	jobs/raw/2026-05-15__20-13-26/configure-git-webserver__6ZLjGPe/result.json		jobs/raw/2026-05-15__20-13-26/configure-git-webserver__6ZLjGPe/trial.log	jobs/raw/2026-05-15__20-13-26/configure-git-webserver__6ZLjGPe/config.json	jobs/raw/2026-05-15__20-13-26/configure-git-webserver__6ZLjGPe/verifier/test-stdout.txt	jobs/raw/2026-05-15__20-13-26/configure-git-webserver__6ZLjGPe/verifier/reward.txt	jobs/raw/2026-05-15__20-13-26/configure-git-webserver__6ZLjGPe/verifier/ctrf.json	jobs/raw/2026-05-15__20-13-26/configure-git-webserver__6ZLjGPe/agent	jobs/raw/2026-05-15__20-13-26/configure-git-webserver__6ZLjGPe/verifier	0	5.75	completed						none	0	none	0					trial_result_missing_token_total	trial_result_missing_token_total	trial_result_missing_token_total	trial_result_missing_cost_total
trial	2026-05-15__20-13-26__constraints-scheduling__afNRbpC	constraints-scheduling__afNRbpC	argus-v12-redux	constraints-scheduling	/home/argustest/argus-skill/experiments/tb2-argus-v12-redux-20260515T201322Z	jobs/raw/2026-05-15__20-13-26/constraints-scheduling__afNRbpC	jobs/raw/2026-05-15__20-13-26/constraints-scheduling__afNRbpC/result.json		jobs/raw/2026-05-15__20-13-26/constraints-scheduling__afNRbpC/trial.log	jobs/raw/2026-05-15__20-13-26/constraints-scheduling__afNRbpC/config.json	jobs/raw/2026-05-15__20-13-26/constraints-scheduling__afNRbpC/verifier/test-stdout.txt	jobs/raw/2026-05-15__20-13-26/constraints-scheduling__afNRbpC/verifier/reward.txt	jobs/raw/2026-05-15__20-13-26/constraints-scheduling__afNRbpC/verifier/ctrf.json	jobs/raw/2026-05-15__20-13-26/constraints-scheduling__afNRbpC/agent	jobs/raw/2026-05-15__20-13-26/constraints-scheduling__afNRbpC/verifier	0	2.91	completed						none	0	none	0					trial_result_missing_token_total	trial_result_missing_token_total	trial_result_missing_token_total	trial_result_missing_cost_total
trial	2026-05-15__20-13-26__count-dataset-tokens__CKbXigG	count-dataset-tokens__CKbXigG	argus-v12-redux	count-dataset-tokens	/home/argustest/argus-skill/experiments/tb2-argus-v12-redux-20260515T201322Z	jobs/raw/2026-05-15__20-13-26/count-dataset-tokens__CKbXigG	jobs/raw/2026-05-15__20-13-26/count-dataset-tokens__CKbXigG/result.json		jobs/raw/2026-05-15__20-13-26/count-dataset-tokens__CKbXigG/trial.log	jobs/raw/2026-05-15__20-13-26/count-dataset-tokens__CKbXigG/config.json	jobs/raw/2026-05-15__20-13-26/count-dataset-tokens__CKbXigG/verifier/test-stdout.txt	jobs/raw/2026-05-15__20-13-26/count-dataset-tokens__CKbXigG/verifier/reward.txt	jobs/raw/2026-05-15__20-13-26/count-dataset-tokens__CKbXigG/verifier/ctrf.json	jobs/raw/2026-05-15__20-13-26/count-dataset-tokens__CKbXigG/agent	jobs/raw/2026-05-15__20-13-26/count-dataset-tokens__CKbXigG/verifier	0	3.66	completed						none	0	none	0					trial_result_missing_token_total	trial_result_missing_token_total	trial_result_missing_token_total	trial_result_missing_cost_total
trial	2026-05-15__20-13-26__crack-7z-hash__VhLtvJA	crack-7z-hash__VhLtvJA	argus-v12-redux	crack-7z-hash	/home/argustest/argus-skill/experiments/tb2-argus-v12-redux-20260515T201322Z	jobs/raw/2026-05-15__20-13-26/crack-7z-hash__VhLtvJA	jobs/raw/2026-05-15__20-13-26/crack-7z-hash__VhLtvJA/result.json		jobs/raw/2026-05-15__20-13-26/crack-7z-hash__VhLtvJA/trial.log	jobs/raw/2026-05-15__20-13-26/crack-7z-hash__VhLtvJA/config.json	jobs/raw/2026-05-15__20-13-26/crack-7z-hash__VhLtvJA/verifier/test-stdout.txt	jobs/raw/2026-05-15__20-13-26/crack-7z-hash__VhLtvJA/verifier/reward.txt	jobs/raw/2026-05-15__20-13-26/crack-7z-hash__VhLtvJA/verifier/ctrf.json	jobs/raw/2026-05-15__20-13-26/crack-7z-hash__VhLtvJA/agent	jobs/raw/2026-05-15__20-13-26/crack-7z-hash__VhLtvJA/verifier	0	5.46	completed						none	0	none	0					trial_result_missing_token_total	trial_result_missing_token_total	trial_result_missing_token_total	trial_result_missing_cost_total
trial	2026-05-15__20-13-26__custom-memory-heap-crash__n7MUJAF	custom-memory-heap-crash__n7MUJAF	argus-v12-redux	custom-memory-heap-crash	/home/argustest/argus-skill/experiments/tb2-argus-v12-redux-20260515T201322Z	jobs/raw/2026-05-15__20-13-26/custom-memory-heap-crash__n7MUJAF	jobs/raw/2026-05-15__20-13-26/custom-memory-heap-crash__n7MUJAF/result.json		jobs/raw/2026-05-15__20-13-26/custom-memory-heap-crash__n7MUJAF/trial.log	jobs/raw/2026-05-15__20-13-26/custom-memory-heap-crash__n7MUJAF/config.json				jobs/raw/2026-05-15__20-13-26/custom-memory-heap-crash__n7MUJAF/agent	jobs/raw/2026-05-15__20-13-26/custom-memory-heap-crash__n7MUJAF/verifier	0	3.75	error						RuntimeError	1	docker_address_pool_exhaustion	1					trial_result_missing_token_total	trial_result_missing_token_total	trial_result_missing_token_total	trial_result_missing_cost_total
trial	2026-05-15__20-13-26__db-wal-recovery__joz4dtN	db-wal-recovery__joz4dtN	argus-v12-redux	db-wal-recovery	/home/argustest/argus-skill/experiments/tb2-argus-v12-redux-20260515T201322Z	jobs/raw/2026-05-15__20-13-26/db-wal-recovery__joz4dtN	jobs/raw/2026-05-15__20-13-26/db-wal-recovery__joz4dtN/result.json		jobs/raw/2026-05-15__20-13-26/db-wal-recovery__joz4dtN/trial.log	jobs/raw/2026-05-15__20-13-26/db-wal-recovery__joz4dtN/config.json	jobs/raw/2026-05-15__20-13-26/db-wal-recovery__joz4dtN/verifier/test-stdout.txt	jobs/raw/2026-05-15__20-13-26/db-wal-recovery__joz4dtN/verifier/reward.txt	jobs/raw/2026-05-15__20-13-26/db-wal-recovery__joz4dtN/verifier/ctrf.json	jobs/raw/2026-05-15__20-13-26/db-wal-recovery__joz4dtN/agent	jobs/raw/2026-05-15__20-13-26/db-wal-recovery__joz4dtN/verifier	0	4.24	completed						none	0	none	0					trial_result_missing_token_total	trial_result_missing_token_total	trial_result_missing_token_total	trial_result_missing_cost_total
trial	2026-05-15__20-13-26__distribution-search__dBAAuGb	distribution-search__dBAAuGb	argus-v12-redux	distribution-search	/home/argustest/argus-skill/experiments/tb2-argus-v12-redux-20260515T201322Z	jobs/raw/2026-05-15__20-13-26/distribution-search__dBAAuGb	jobs/raw/2026-05-15__20-13-26/distribution-search__dBAAuGb/result.json		jobs/raw/2026-05-15__20-13-26/distribution-search__dBAAuGb/trial.log	jobs/raw/2026-05-15__20-13-26/distribution-search__dBAAuGb/config.json	jobs/raw/2026-05-15__20-13-26/distribution-search__dBAAuGb/verifier/test-stdout.txt	jobs/raw/2026-05-15__20-13-26/distribution-search__dBAAuGb/verifier/reward.txt	jobs/raw/2026-05-15__20-13-26/distribution-search__dBAAuGb/verifier/ctrf.json	jobs/raw/2026-05-15__20-13-26/distribution-search__dBAAuGb/agent	jobs/raw/2026-05-15__20-13-26/distribution-search__dBAAuGb/verifier	0	4.08	completed						none	0	none	0					trial_result_missing_token_total	trial_result_missing_token_total	trial_result_missing_token_total	trial_result_missing_cost_total
trial	2026-05-15__20-13-26__dna-assembly__FSE5Zcj	dna-assembly__FSE5Zcj	argus-v12-redux	dna-assembly	/home/argustest/argus-skill/experiments/tb2-argus-v12-redux-20260515T201322Z	jobs/raw/2026-05-15__20-13-26/dna-assembly__FSE5Zcj	jobs/raw/2026-05-15__20-13-26/dna-assembly__FSE5Zcj/result.json		jobs/raw/2026-05-15__20-13-26/dna-assembly__FSE5Zcj/trial.log	jobs/raw/2026-05-15__20-13-26/dna-assembly__FSE5Zcj/config.json	jobs/raw/2026-05-15__20-13-26/dna-assembly__FSE5Zcj/verifier/test-stdout.txt	jobs/raw/2026-05-15__20-13-26/dna-assembly__FSE5Zcj/verifier/reward.txt	jobs/raw/2026-05-15__20-13-26/dna-assembly__FSE5Zcj/verifier/ctrf.json	jobs/raw/2026-05-15__20-13-26/dna-assembly__FSE5Zcj/agent	jobs/raw/2026-05-15__20-13-26/dna-assembly__FSE5Zcj/verifier	0	2.81	completed						none	0	none	0					trial_result_missing_token_total	trial_result_missing_token_total	trial_result_missing_token_total	trial_result_missing_cost_total
trial	2026-05-15__20-13-26__dna-insert__FMJFMgT	dna-insert__FMJFMgT	argus-v12-redux	dna-insert	/home/argustest/argus-skill/experiments/tb2-argus-v12-redux-20260515T201322Z	jobs/raw/2026-05-15__20-13-26/dna-insert__FMJFMgT	jobs/raw/2026-05-15__20-13-26/dna-insert__FMJFMgT/result.json		jobs/raw/2026-05-15__20-13-26/dna-insert__FMJFMgT/trial.log	jobs/raw/2026-05-15__20-13-26/dna-insert__FMJFMgT/config.json	jobs/raw/2026-05-15__20-13-26/dna-insert__FMJFMgT/verifier/test-stdout.txt	jobs/raw/2026-05-15__20-13-26/dna-insert__FMJFMgT/verifier/reward.txt	jobs/raw/2026-05-15__20-13-26/dna-insert__FMJFMgT/verifier/ctrf.json	jobs/raw/2026-05-15__20-13-26/dna-insert__FMJFMgT/agent	jobs/raw/2026-05-15__20-13-26/dna-insert__FMJFMgT/verifier	0	2.69	completed						none	0	none	0					trial_result_missing_token_total	trial_result_missing_token_total	trial_result_missing_token_total	trial_result_missing_cost_total
trial	2026-05-15__20-13-26__extract-elf__ybtzG5q	extract-elf__ybtzG5q	argus-v12-redux	extract-elf	/home/argustest/argus-skill/experiments/tb2-argus-v12-redux-20260515T201322Z	jobs/raw/2026-05-15__20-13-26/extract-elf__ybtzG5q	jobs/raw/2026-05-15__20-13-26/extract-elf__ybtzG5q/result.json		jobs/raw/2026-05-15__20-13-26/extract-elf__ybtzG5q/trial.log	jobs/raw/2026-05-15__20-13-26/extract-elf__ybtzG5q/config.json				jobs/raw/2026-05-15__20-13-26/extract-elf__ybtzG5q/agent	jobs/raw/2026-05-15__20-13-26/extract-elf__ybtzG5q/verifier	0	0.92	error						RuntimeError	1	docker_address_pool_exhaustion	1					trial_result_missing_token_total	trial_result_missing_token_total	trial_result_missing_token_total	trial_result_missing_cost_total
trial	2026-05-15__20-13-26__extract-moves-from-video__Zjpa5Zs	extract-moves-from-video__Zjpa5Zs	argus-v12-redux	extract-moves-from-video	/home/argustest/argus-skill/experiments/tb2-argus-v12-redux-20260515T201322Z	jobs/raw/2026-05-15__20-13-26/extract-moves-from-video__Zjpa5Zs	jobs/raw/2026-05-15__20-13-26/extract-moves-from-video__Zjpa5Zs/result.json		jobs/raw/2026-05-15__20-13-26/extract-moves-from-video__Zjpa5Zs/trial.log	jobs/raw/2026-05-15__20-13-26/extract-moves-from-video__Zjpa5Zs/config.json	jobs/raw/2026-05-15__20-13-26/extract-moves-from-video__Zjpa5Zs/verifier/test-stdout.txt	jobs/raw/2026-05-15__20-13-26/extract-moves-from-video__Zjpa5Zs/verifier/reward.txt	jobs/raw/2026-05-15__20-13-26/extract-moves-from-video__Zjpa5Zs/verifier/ctrf.json	jobs/raw/2026-05-15__20-13-26/extract-moves-from-video__Zjpa5Zs/agent	jobs/raw/2026-05-15__20-13-26/extract-moves-from-video__Zjpa5Zs/verifier	0	3.92	completed						none	0	none	0					trial_result_missing_token_total	trial_result_missing_token_total	trial_result_missing_token_total	trial_result_missing_cost_total
trial	2026-05-15__20-13-26__feal-differential-cryptanalysis__iP6oNi9	feal-differential-cryptanalysis__iP6oNi9	argus-v12-redux	feal-differential-cryptanalysis	/home/argustest/argus-skill/experiments/tb2-argus-v12-redux-20260515T201322Z	jobs/raw/2026-05-15__20-13-26/feal-differential-cryptanalysis__iP6oNi9	jobs/raw/2026-05-15__20-13-26/feal-differential-cryptanalysis__iP6oNi9/result.json		jobs/raw/2026-05-15__20-13-26/feal-differential-cryptanalysis__iP6oNi9/trial.log	jobs/raw/2026-05-15__20-13-26/feal-differential-cryptanalysis__iP6oNi9/config.json	jobs/raw/2026-05-15__20-13-26/feal-differential-cryptanalysis__iP6oNi9/verifier/test-stdout.txt	jobs/raw/2026-05-15__20-13-26/feal-differential-cryptanalysis__iP6oNi9/verifier/reward.txt	jobs/raw/2026-05-15__20-13-26/feal-differential-cryptanalysis__iP6oNi9/verifier/ctrf.json	jobs/raw/2026-05-15__20-13-26/feal-differential-cryptanalysis__iP6oNi9/agent	jobs/raw/2026-05-15__20-13-26/feal-differential-cryptanalysis__iP6oNi9/verifier	0	4.19	completed						none	0	none	0					trial_result_missing_token_total	trial_result_missing_token_total	trial_result_missing_token_total	trial_result_missing_cost_total
trial	2026-05-15__20-13-26__feal-linear-cryptanalysis__3XmFsaF	feal-linear-cryptanalysis__3XmFsaF	argus-v12-redux	feal-linear-cryptanalysis	/home/argustest/argus-skill/experiments/tb2-argus-v12-redux-20260515T201322Z	jobs/raw/2026-05-15__20-13-26/feal-linear-cryptanalysis__3XmFsaF	jobs/raw/2026-05-15__20-13-26/feal-linear-cryptanalysis__3XmFsaF/result.json		jobs/raw/2026-05-15__20-13-26/feal-linear-cryptanalysis__3XmFsaF/trial.log	jobs/raw/2026-05-15__20-13-26/feal-linear-cryptanalysis__3XmFsaF/config.json	jobs/raw/2026-05-15__20-13-26/feal-linear-cryptanalysis__3XmFsaF/verifier/test-stdout.txt	jobs/raw/2026-05-15__20-13-26/feal-linear-cryptanalysis__3XmFsaF/verifier/reward.txt	jobs/raw/2026-05-15__20-13-26/feal-linear-cryptanalysis__3XmFsaF/verifier/ctrf.json	jobs/raw/2026-05-15__20-13-26/feal-linear-cryptanalysis__3XmFsaF/agent	jobs/raw/2026-05-15__20-13-26/feal-linear-cryptanalysis__3XmFsaF/verifier	0	3.94	completed						none	0	none	0					trial_result_missing_token_total	trial_result_missing_token_total	trial_result_missing_token_total	trial_result_missing_cost_total
trial	2026-05-15__20-13-26__filter-js-from-html__Tt6Kmde	filter-js-from-html__Tt6Kmde	argus-v12-redux	filter-js-from-html	/home/argustest/argus-skill/experiments/tb2-argus-v12-redux-20260515T201322Z	jobs/raw/2026-05-15__20-13-26/filter-js-from-html__Tt6Kmde	jobs/raw/2026-05-15__20-13-26/filter-js-from-html__Tt6Kmde/result.json		jobs/raw/2026-05-15__20-13-26/filter-js-from-html__Tt6Kmde/trial.log	jobs/raw/2026-05-15__20-13-26/filter-js-from-html__Tt6Kmde/config.json	jobs/raw/2026-05-15__20-13-26/filter-js-from-html__Tt6Kmde/verifier/test-stdout.txt	jobs/raw/2026-05-15__20-13-26/filter-js-from-html__Tt6Kmde/verifier/reward.txt	jobs/raw/2026-05-15__20-13-26/filter-js-from-html__Tt6Kmde/verifier/ctrf.json	jobs/raw/2026-05-15__20-13-26/filter-js-from-html__Tt6Kmde/agent	jobs/raw/2026-05-15__20-13-26/filter-js-from-html__Tt6Kmde/verifier	0	3.62	completed						none	0	none	0					trial_result_missing_token_total	trial_result_missing_token_total	trial_result_missing_token_total	trial_result_missing_cost_total
trial	2026-05-15__20-13-26__financial-document-processor__CpcBseg	financial-document-processor__CpcBseg	argus-v12-redux	financial-document-processor	/home/argustest/argus-skill/experiments/tb2-argus-v12-redux-20260515T201322Z	jobs/raw/2026-05-15__20-13-26/financial-document-processor__CpcBseg	jobs/raw/2026-05-15__20-13-26/financial-document-processor__CpcBseg/result.json		jobs/raw/2026-05-15__20-13-26/financial-document-processor__CpcBseg/trial.log	jobs/raw/2026-05-15__20-13-26/financial-document-processor__CpcBseg/config.json				jobs/raw/2026-05-15__20-13-26/financial-document-processor__CpcBseg/agent	jobs/raw/2026-05-15__20-13-26/financial-document-processor__CpcBseg/verifier	0	0.02	error						RuntimeError	1	docker_address_pool_exhaustion	1					trial_result_missing_token_total	trial_result_missing_token_total	trial_result_missing_token_total	trial_result_missing_cost_total
trial	2026-05-15__20-13-26__fix-code-vulnerability__5CqxXFc	fix-code-vulnerability__5CqxXFc	argus-v12-redux	fix-code-vulnerability	/home/argustest/argus-skill/experiments/tb2-argus-v12-redux-20260515T201322Z	jobs/raw/2026-05-15__20-13-26/fix-code-vulnerability__5CqxXFc	jobs/raw/2026-05-15__20-13-26/fix-code-vulnerability__5CqxXFc/result.json		jobs/raw/2026-05-15__20-13-26/fix-code-vulnerability__5CqxXFc/trial.log	jobs/raw/2026-05-15__20-13-26/fix-code-vulnerability__5CqxXFc/config.json	jobs/raw/2026-05-15__20-13-26/fix-code-vulnerability__5CqxXFc/verifier/test-stdout.txt	jobs/raw/2026-05-15__20-13-26/fix-code-vulnerability__5CqxXFc/verifier/reward.txt	jobs/raw/2026-05-15__20-13-26/fix-code-vulnerability__5CqxXFc/verifier/ctrf.json	jobs/raw/2026-05-15__20-13-26/fix-code-vulnerability__5CqxXFc/agent	jobs/raw/2026-05-15__20-13-26/fix-code-vulnerability__5CqxXFc/verifier	0	3.55	completed						none	0	none	0					trial_result_missing_token_total	trial_result_missing_token_total	trial_result_missing_token_total	trial_result_missing_cost_total
trial	2026-05-15__20-13-26__fix-git__U2ekkEK	fix-git__U2ekkEK	argus-v12-redux	fix-git	/home/argustest/argus-skill/experiments/tb2-argus-v12-redux-20260515T201322Z	jobs/raw/2026-05-15__20-13-26/fix-git__U2ekkEK	jobs/raw/2026-05-15__20-13-26/fix-git__U2ekkEK/result.json		jobs/raw/2026-05-15__20-13-26/fix-git__U2ekkEK/trial.log	jobs/raw/2026-05-15__20-13-26/fix-git__U2ekkEK/config.json	jobs/raw/2026-05-15__20-13-26/fix-git__U2ekkEK/verifier/test-stdout.txt	jobs/raw/2026-05-15__20-13-26/fix-git__U2ekkEK/verifier/reward.txt	jobs/raw/2026-05-15__20-13-26/fix-git__U2ekkEK/verifier/ctrf.json	jobs/raw/2026-05-15__20-13-26/fix-git__U2ekkEK/agent	jobs/raw/2026-05-15__20-13-26/fix-git__U2ekkEK/verifier	0	3.40	completed						none	0	none	0					trial_result_missing_token_total	trial_result_missing_token_total	trial_result_missing_token_total	trial_result_missing_cost_total
trial	2026-05-15__20-13-26__fix-ocaml-gc__eGrUH6T	fix-ocaml-gc__eGrUH6T	argus-v12-redux	fix-ocaml-gc	/home/argustest/argus-skill/experiments/tb2-argus-v12-redux-20260515T201322Z	jobs/raw/2026-05-15__20-13-26/fix-ocaml-gc__eGrUH6T	jobs/raw/2026-05-15__20-13-26/fix-ocaml-gc__eGrUH6T/result.json		jobs/raw/2026-05-15__20-13-26/fix-ocaml-gc__eGrUH6T/trial.log	jobs/raw/2026-05-15__20-13-26/fix-ocaml-gc__eGrUH6T/config.json	jobs/raw/2026-05-15__20-13-26/fix-ocaml-gc__eGrUH6T/verifier/test-stdout.txt	jobs/raw/2026-05-15__20-13-26/fix-ocaml-gc__eGrUH6T/verifier/reward.txt	jobs/raw/2026-05-15__20-13-26/fix-ocaml-gc__eGrUH6T/verifier/ctrf.json	jobs/raw/2026-05-15__20-13-26/fix-ocaml-gc__eGrUH6T/agent	jobs/raw/2026-05-15__20-13-26/fix-ocaml-gc__eGrUH6T/verifier	0	6.32	completed						none	0	none	0					trial_result_missing_token_total	trial_result_missing_token_total	trial_result_missing_token_total	trial_result_missing_cost_total
trial	2026-05-15__20-13-26__gcode-to-text__LY2HcyV	gcode-to-text__LY2HcyV	argus-v12-redux	gcode-to-text	/home/argustest/argus-skill/experiments/tb2-argus-v12-redux-20260515T201322Z	jobs/raw/2026-05-15__20-13-26/gcode-to-text__LY2HcyV	jobs/raw/2026-05-15__20-13-26/gcode-to-text__LY2HcyV/result.json		jobs/raw/2026-05-15__20-13-26/gcode-to-text__LY2HcyV/trial.log	jobs/raw/2026-05-15__20-13-26/gcode-to-text__LY2HcyV/config.json	jobs/raw/2026-05-15__20-13-26/gcode-to-text__LY2HcyV/verifier/test-stdout.txt	jobs/raw/2026-05-15__20-13-26/gcode-to-text__LY2HcyV/verifier/reward.txt	jobs/raw/2026-05-15__20-13-26/gcode-to-text__LY2HcyV/verifier/ctrf.json	jobs/raw/2026-05-15__20-13-26/gcode-to-text__LY2HcyV/agent	jobs/raw/2026-05-15__20-13-26/gcode-to-text__LY2HcyV/verifier	0	3.58	completed						none	0	none	0					trial_result_missing_token_total	trial_result_missing_token_total	trial_result_missing_token_total	trial_result_missing_cost_total
trial	2026-05-15__20-13-26__git-leak-recovery__KEXuNTe	git-leak-recovery__KEXuNTe	argus-v12-redux	git-leak-recovery	/home/argustest/argus-skill/experiments/tb2-argus-v12-redux-20260515T201322Z	jobs/raw/2026-05-15__20-13-26/git-leak-recovery__KEXuNTe	jobs/raw/2026-05-15__20-13-26/git-leak-recovery__KEXuNTe/result.json		jobs/raw/2026-05-15__20-13-26/git-leak-recovery__KEXuNTe/trial.log	jobs/raw/2026-05-15__20-13-26/git-leak-recovery__KEXuNTe/config.json	jobs/raw/2026-05-15__20-13-26/git-leak-recovery__KEXuNTe/verifier/test-stdout.txt	jobs/raw/2026-05-15__20-13-26/git-leak-recovery__KEXuNTe/verifier/reward.txt	jobs/raw/2026-05-15__20-13-26/git-leak-recovery__KEXuNTe/verifier/ctrf.json	jobs/raw/2026-05-15__20-13-26/git-leak-recovery__KEXuNTe/agent	jobs/raw/2026-05-15__20-13-26/git-leak-recovery__KEXuNTe/verifier	0	3.40	completed						none	0	none	0					trial_result_missing_token_total	trial_result_missing_token_total	trial_result_missing_token_total	trial_result_missing_cost_total
trial	2026-05-15__20-13-26__git-multibranch__tPkGANn	git-multibranch__tPkGANn	argus-v12-redux	git-multibranch	/home/argustest/argus-skill/experiments/tb2-argus-v12-redux-20260515T201322Z	jobs/raw/2026-05-15__20-13-26/git-multibranch__tPkGANn	jobs/raw/2026-05-15__20-13-26/git-multibranch__tPkGANn/result.json		jobs/raw/2026-05-15__20-13-26/git-multibranch__tPkGANn/trial.log	jobs/raw/2026-05-15__20-13-26/git-multibranch__tPkGANn/config.json	jobs/raw/2026-05-15__20-13-26/git-multibranch__tPkGANn/verifier/test-stdout.txt	jobs/raw/2026-05-15__20-13-26/git-multibranch__tPkGANn/verifier/reward.txt	jobs/raw/2026-05-15__20-13-26/git-multibranch__tPkGANn/verifier/ctrf.json	jobs/raw/2026-05-15__20-13-26/git-multibranch__tPkGANn/agent	jobs/raw/2026-05-15__20-13-26/git-multibranch__tPkGANn/verifier	0	3.61	completed						none	0	none	0					trial_result_missing_token_total	trial_result_missing_token_total	trial_result_missing_token_total	trial_result_missing_cost_total
trial	2026-05-15__20-13-26__gpt2-codegolf__3b4oUei	gpt2-codegolf__3b4oUei	argus-v12-redux	gpt2-codegolf	/home/argustest/argus-skill/experiments/tb2-argus-v12-redux-20260515T201322Z	jobs/raw/2026-05-15__20-13-26/gpt2-codegolf__3b4oUei	jobs/raw/2026-05-15__20-13-26/gpt2-codegolf__3b4oUei/result.json		jobs/raw/2026-05-15__20-13-26/gpt2-codegolf__3b4oUei/trial.log	jobs/raw/2026-05-15__20-13-26/gpt2-codegolf__3b4oUei/config.json	jobs/raw/2026-05-15__20-13-26/gpt2-codegolf__3b4oUei/verifier/test-stdout.txt	jobs/raw/2026-05-15__20-13-26/gpt2-codegolf__3b4oUei/verifier/reward.txt	jobs/raw/2026-05-15__20-13-26/gpt2-codegolf__3b4oUei/verifier/ctrf.json	jobs/raw/2026-05-15__20-13-26/gpt2-codegolf__3b4oUei/agent	jobs/raw/2026-05-15__20-13-26/gpt2-codegolf__3b4oUei/verifier	0	6.74	completed						none	0	none	0					trial_result_missing_token_total	trial_result_missing_token_total	trial_result_missing_token_total	trial_result_missing_cost_total
trial	2026-05-15__20-13-26__headless-terminal__ej4tZhZ	headless-terminal__ej4tZhZ	argus-v12-redux	headless-terminal	/home/argustest/argus-skill/experiments/tb2-argus-v12-redux-20260515T201322Z	jobs/raw/2026-05-15__20-13-26/headless-terminal__ej4tZhZ	jobs/raw/2026-05-15__20-13-26/headless-terminal__ej4tZhZ/result.json		jobs/raw/2026-05-15__20-13-26/headless-terminal__ej4tZhZ/trial.log	jobs/raw/2026-05-15__20-13-26/headless-terminal__ej4tZhZ/config.json	jobs/raw/2026-05-15__20-13-26/headless-terminal__ej4tZhZ/verifier/test-stdout.txt	jobs/raw/2026-05-15__20-13-26/headless-terminal__ej4tZhZ/verifier/reward.txt	jobs/raw/2026-05-15__20-13-26/headless-terminal__ej4tZhZ/verifier/ctrf.json	jobs/raw/2026-05-15__20-13-26/headless-terminal__ej4tZhZ/agent	jobs/raw/2026-05-15__20-13-26/headless-terminal__ej4tZhZ/verifier	0	4.92	completed						none	0	none	0					trial_result_missing_token_total	trial_result_missing_token_total	trial_result_missing_token_total	trial_result_missing_cost_total
trial	2026-05-15__20-13-26__hf-model-inference__FWVzQbk	hf-model-inference__FWVzQbk	argus-v12-redux	hf-model-inference	/home/argustest/argus-skill/experiments/tb2-argus-v12-redux-20260515T201322Z	jobs/raw/2026-05-15__20-13-26/hf-model-inference__FWVzQbk	jobs/raw/2026-05-15__20-13-26/hf-model-inference__FWVzQbk/result.json		jobs/raw/2026-05-15__20-13-26/hf-model-inference__FWVzQbk/trial.log	jobs/raw/2026-05-15__20-13-26/hf-model-inference__FWVzQbk/config.json	jobs/raw/2026-05-15__20-13-26/hf-model-inference__FWVzQbk/verifier/test-stdout.txt	jobs/raw/2026-05-15__20-13-26/hf-model-inference__FWVzQbk/verifier/reward.txt	jobs/raw/2026-05-15__20-13-26/hf-model-inference__FWVzQbk/verifier/ctrf.json	jobs/raw/2026-05-15__20-13-26/hf-model-inference__FWVzQbk/agent	jobs/raw/2026-05-15__20-13-26/hf-model-inference__FWVzQbk/verifier	0	3.46	completed						none	0	none	0					trial_result_missing_token_total	trial_result_missing_token_total	trial_result_missing_token_total	trial_result_missing_cost_total
trial	2026-05-15__20-13-26__install-windows-3.11__CxGjLXu	install-windows-3.11__CxGjLXu	argus-v12-redux	install-windows-3.11	/home/argustest/argus-skill/experiments/tb2-argus-v12-redux-20260515T201322Z	jobs/raw/2026-05-15__20-13-26/install-windows-3.11__CxGjLXu	jobs/raw/2026-05-15__20-13-26/install-windows-3.11__CxGjLXu/result.json		jobs/raw/2026-05-15__20-13-26/install-windows-3.11__CxGjLXu/trial.log	jobs/raw/2026-05-15__20-13-26/install-windows-3.11__CxGjLXu/config.json	jobs/raw/2026-05-15__20-13-26/install-windows-3.11__CxGjLXu/verifier/test-stdout.txt	jobs/raw/2026-05-15__20-13-26/install-windows-3.11__CxGjLXu/verifier/reward.txt	jobs/raw/2026-05-15__20-13-26/install-windows-3.11__CxGjLXu/verifier/ctrf.json	jobs/raw/2026-05-15__20-13-26/install-windows-3.11__CxGjLXu/agent	jobs/raw/2026-05-15__20-13-26/install-windows-3.11__CxGjLXu/verifier	0	6.09	completed						none	0	none	0					trial_result_missing_token_total	trial_result_missing_token_total	trial_result_missing_token_total	trial_result_missing_cost_total
trial	2026-05-15__20-13-26__kv-store-grpc__xgAXCKf	kv-store-grpc__xgAXCKf	argus-v12-redux	kv-store-grpc	/home/argustest/argus-skill/experiments/tb2-argus-v12-redux-20260515T201322Z	jobs/raw/2026-05-15__20-13-26/kv-store-grpc__xgAXCKf	jobs/raw/2026-05-15__20-13-26/kv-store-grpc__xgAXCKf/result.json		jobs/raw/2026-05-15__20-13-26/kv-store-grpc__xgAXCKf/trial.log	jobs/raw/2026-05-15__20-13-26/kv-store-grpc__xgAXCKf/config.json	jobs/raw/2026-05-15__20-13-26/kv-store-grpc__xgAXCKf/verifier/test-stdout.txt	jobs/raw/2026-05-15__20-13-26/kv-store-grpc__xgAXCKf/verifier/reward.txt	jobs/raw/2026-05-15__20-13-26/kv-store-grpc__xgAXCKf/verifier/ctrf.json	jobs/raw/2026-05-15__20-13-26/kv-store-grpc__xgAXCKf/agent	jobs/raw/2026-05-15__20-13-26/kv-store-grpc__xgAXCKf/verifier	0	6.51	completed						none	0	none	0					trial_result_missing_token_total	trial_result_missing_token_total	trial_result_missing_token_total	trial_result_missing_cost_total
trial	2026-05-15__20-13-26__large-scale-text-editing__sDrw5jX	large-scale-text-editing__sDrw5jX	argus-v12-redux	large-scale-text-editing	/home/argustest/argus-skill/experiments/tb2-argus-v12-redux-20260515T201322Z	jobs/raw/2026-05-15__20-13-26/large-scale-text-editing__sDrw5jX	jobs/raw/2026-05-15__20-13-26/large-scale-text-editing__sDrw5jX/result.json		jobs/raw/2026-05-15__20-13-26/large-scale-text-editing__sDrw5jX/trial.log	jobs/raw/2026-05-15__20-13-26/large-scale-text-editing__sDrw5jX/config.json	jobs/raw/2026-05-15__20-13-26/large-scale-text-editing__sDrw5jX/verifier/test-stdout.txt	jobs/raw/2026-05-15__20-13-26/large-scale-text-editing__sDrw5jX/verifier/reward.txt	jobs/raw/2026-05-15__20-13-26/large-scale-text-editing__sDrw5jX/verifier/ctrf.json	jobs/raw/2026-05-15__20-13-26/large-scale-text-editing__sDrw5jX/agent	jobs/raw/2026-05-15__20-13-26/large-scale-text-editing__sDrw5jX/verifier	0	3.08	completed						none	0	none	0					trial_result_missing_token_total	trial_result_missing_token_total	trial_result_missing_token_total	trial_result_missing_cost_total
trial	2026-05-15__20-13-26__largest-eigenval__ab87PJH	largest-eigenval__ab87PJH	argus-v12-redux	largest-eigenval	/home/argustest/argus-skill/experiments/tb2-argus-v12-redux-20260515T201322Z	jobs/raw/2026-05-15__20-13-26/largest-eigenval__ab87PJH	jobs/raw/2026-05-15__20-13-26/largest-eigenval__ab87PJH/result.json		jobs/raw/2026-05-15__20-13-26/largest-eigenval__ab87PJH/trial.log	jobs/raw/2026-05-15__20-13-26/largest-eigenval__ab87PJH/config.json				jobs/raw/2026-05-15__20-13-26/largest-eigenval__ab87PJH/agent	jobs/raw/2026-05-15__20-13-26/largest-eigenval__ab87PJH/verifier	0	0.15	error						RuntimeError	1	docker_address_pool_exhaustion	1					trial_result_missing_token_total	trial_result_missing_token_total	trial_result_missing_token_total	trial_result_missing_cost_total
trial	2026-05-15__20-13-26__llm-inference-batching-scheduler__723uGZr	llm-inference-batching-scheduler__723uGZr	argus-v12-redux	llm-inference-batching-scheduler	/home/argustest/argus-skill/experiments/tb2-argus-v12-redux-20260515T201322Z	jobs/raw/2026-05-15__20-13-26/llm-inference-batching-scheduler__723uGZr	jobs/raw/2026-05-15__20-13-26/llm-inference-batching-scheduler__723uGZr/result.json		jobs/raw/2026-05-15__20-13-26/llm-inference-batching-scheduler__723uGZr/trial.log	jobs/raw/2026-05-15__20-13-26/llm-inference-batching-scheduler__723uGZr/config.json	jobs/raw/2026-05-15__20-13-26/llm-inference-batching-scheduler__723uGZr/verifier/test-stdout.txt	jobs/raw/2026-05-15__20-13-26/llm-inference-batching-scheduler__723uGZr/verifier/reward.txt	jobs/raw/2026-05-15__20-13-26/llm-inference-batching-scheduler__723uGZr/verifier/ctrf.json	jobs/raw/2026-05-15__20-13-26/llm-inference-batching-scheduler__723uGZr/agent	jobs/raw/2026-05-15__20-13-26/llm-inference-batching-scheduler__723uGZr/verifier	0	3.00	completed						none	0	none	0					trial_result_missing_token_total	trial_result_missing_token_total	trial_result_missing_token_total	trial_result_missing_cost_total
trial	2026-05-15__20-13-26__log-summary-date-ranges__iEEfx3D	log-summary-date-ranges__iEEfx3D	argus-v12-redux	log-summary-date-ranges	/home/argustest/argus-skill/experiments/tb2-argus-v12-redux-20260515T201322Z	jobs/raw/2026-05-15__20-13-26/log-summary-date-ranges__iEEfx3D	jobs/raw/2026-05-15__20-13-26/log-summary-date-ranges__iEEfx3D/result.json		jobs/raw/2026-05-15__20-13-26/log-summary-date-ranges__iEEfx3D/trial.log	jobs/raw/2026-05-15__20-13-26/log-summary-date-ranges__iEEfx3D/config.json	jobs/raw/2026-05-15__20-13-26/log-summary-date-ranges__iEEfx3D/verifier/test-stdout.txt	jobs/raw/2026-05-15__20-13-26/log-summary-date-ranges__iEEfx3D/verifier/reward.txt	jobs/raw/2026-05-15__20-13-26/log-summary-date-ranges__iEEfx3D/verifier/ctrf.json	jobs/raw/2026-05-15__20-13-26/log-summary-date-ranges__iEEfx3D/agent	jobs/raw/2026-05-15__20-13-26/log-summary-date-ranges__iEEfx3D/verifier	0	6.74	completed						none	0	none	0					trial_result_missing_token_total	trial_result_missing_token_total	trial_result_missing_token_total	trial_result_missing_cost_total
trial	2026-05-15__20-13-26__mailman__KT8aJNB	mailman__KT8aJNB	argus-v12-redux	mailman	/home/argustest/argus-skill/experiments/tb2-argus-v12-redux-20260515T201322Z	jobs/raw/2026-05-15__20-13-26/mailman__KT8aJNB	jobs/raw/2026-05-15__20-13-26/mailman__KT8aJNB/result.json		jobs/raw/2026-05-15__20-13-26/mailman__KT8aJNB/trial.log	jobs/raw/2026-05-15__20-13-26/mailman__KT8aJNB/config.json				jobs/raw/2026-05-15__20-13-26/mailman__KT8aJNB/agent	jobs/raw/2026-05-15__20-13-26/mailman__KT8aJNB/verifier	0	0.74	error						RuntimeError	1	docker_address_pool_exhaustion	1					trial_result_missing_token_total	trial_result_missing_token_total	trial_result_missing_token_total	trial_result_missing_cost_total
trial	2026-05-15__20-13-26__make-doom-for-mips__JnuuDUf	make-doom-for-mips__JnuuDUf	argus-v12-redux	make-doom-for-mips	/home/argustest/argus-skill/experiments/tb2-argus-v12-redux-20260515T201322Z	jobs/raw/2026-05-15__20-13-26/make-doom-for-mips__JnuuDUf	jobs/raw/2026-05-15__20-13-26/make-doom-for-mips__JnuuDUf/result.json		jobs/raw/2026-05-15__20-13-26/make-doom-for-mips__JnuuDUf/trial.log	jobs/raw/2026-05-15__20-13-26/make-doom-for-mips__JnuuDUf/config.json	jobs/raw/2026-05-15__20-13-26/make-doom-for-mips__JnuuDUf/verifier/test-stdout.txt	jobs/raw/2026-05-15__20-13-26/make-doom-for-mips__JnuuDUf/verifier/reward.txt	jobs/raw/2026-05-15__20-13-26/make-doom-for-mips__JnuuDUf/verifier/ctrf.json	jobs/raw/2026-05-15__20-13-26/make-doom-for-mips__JnuuDUf/agent	jobs/raw/2026-05-15__20-13-26/make-doom-for-mips__JnuuDUf/verifier	0	5.97	completed						none	0	none	0					trial_result_missing_token_total	trial_result_missing_token_total	trial_result_missing_token_total	trial_result_missing_cost_total
trial	2026-05-15__20-13-26__make-mips-interpreter__7z4UbWH	make-mips-interpreter__7z4UbWH	argus-v12-redux	make-mips-interpreter	/home/argustest/argus-skill/experiments/tb2-argus-v12-redux-20260515T201322Z	jobs/raw/2026-05-15__20-13-26/make-mips-interpreter__7z4UbWH	jobs/raw/2026-05-15__20-13-26/make-mips-interpreter__7z4UbWH/result.json		jobs/raw/2026-05-15__20-13-26/make-mips-interpreter__7z4UbWH/trial.log	jobs/raw/2026-05-15__20-13-26/make-mips-interpreter__7z4UbWH/config.json				jobs/raw/2026-05-15__20-13-26/make-mips-interpreter__7z4UbWH/agent	jobs/raw/2026-05-15__20-13-26/make-mips-interpreter__7z4UbWH/verifier	0	1.09	error						RuntimeError	1	docker_address_pool_exhaustion	1					trial_result_missing_token_total	trial_result_missing_token_total	trial_result_missing_token_total	trial_result_missing_cost_total
trial	2026-05-15__20-13-26__mcmc-sampling-stan__JToBrde	mcmc-sampling-stan__JToBrde	argus-v12-redux	mcmc-sampling-stan	/home/argustest/argus-skill/experiments/tb2-argus-v12-redux-20260515T201322Z	jobs/raw/2026-05-15__20-13-26/mcmc-sampling-stan__JToBrde	jobs/raw/2026-05-15__20-13-26/mcmc-sampling-stan__JToBrde/result.json		jobs/raw/2026-05-15__20-13-26/mcmc-sampling-stan__JToBrde/trial.log	jobs/raw/2026-05-15__20-13-26/mcmc-sampling-stan__JToBrde/config.json				jobs/raw/2026-05-15__20-13-26/mcmc-sampling-stan__JToBrde/agent	jobs/raw/2026-05-15__20-13-26/mcmc-sampling-stan__JToBrde/verifier	0	0.01	error						RuntimeError	1	docker_address_pool_exhaustion	1					trial_result_missing_token_total	trial_result_missing_token_total	trial_result_missing_token_total	trial_result_missing_cost_total
trial	2026-05-15__20-13-26__merge-diff-arc-agi-task__V8fUDMC	merge-diff-arc-agi-task__V8fUDMC	argus-v12-redux	merge-diff-arc-agi-task	/home/argustest/argus-skill/experiments/tb2-argus-v12-redux-20260515T201322Z	jobs/raw/2026-05-15__20-13-26/merge-diff-arc-agi-task__V8fUDMC	jobs/raw/2026-05-15__20-13-26/merge-diff-arc-agi-task__V8fUDMC/result.json		jobs/raw/2026-05-15__20-13-26/merge-diff-arc-agi-task__V8fUDMC/trial.log	jobs/raw/2026-05-15__20-13-26/merge-diff-arc-agi-task__V8fUDMC/config.json	jobs/raw/2026-05-15__20-13-26/merge-diff-arc-agi-task__V8fUDMC/verifier/test-stdout.txt	jobs/raw/2026-05-15__20-13-26/merge-diff-arc-agi-task__V8fUDMC/verifier/reward.txt	jobs/raw/2026-05-15__20-13-26/merge-diff-arc-agi-task__V8fUDMC/verifier/ctrf.json	jobs/raw/2026-05-15__20-13-26/merge-diff-arc-agi-task__V8fUDMC/agent	jobs/raw/2026-05-15__20-13-26/merge-diff-arc-agi-task__V8fUDMC/verifier	0	6.74	completed						none	0	none	0					trial_result_missing_token_total	trial_result_missing_token_total	trial_result_missing_token_total	trial_result_missing_cost_total
trial	2026-05-15__20-13-26__model-extraction-relu-logits__PKugsc6	model-extraction-relu-logits__PKugsc6	argus-v12-redux	model-extraction-relu-logits	/home/argustest/argus-skill/experiments/tb2-argus-v12-redux-20260515T201322Z	jobs/raw/2026-05-15__20-13-26/model-extraction-relu-logits__PKugsc6	jobs/raw/2026-05-15__20-13-26/model-extraction-relu-logits__PKugsc6/result.json		jobs/raw/2026-05-15__20-13-26/model-extraction-relu-logits__PKugsc6/trial.log	jobs/raw/2026-05-15__20-13-26/model-extraction-relu-logits__PKugsc6/config.json	jobs/raw/2026-05-15__20-13-26/model-extraction-relu-logits__PKugsc6/verifier/test-stdout.txt	jobs/raw/2026-05-15__20-13-26/model-extraction-relu-logits__PKugsc6/verifier/reward.txt	jobs/raw/2026-05-15__20-13-26/model-extraction-relu-logits__PKugsc6/verifier/ctrf.json	jobs/raw/2026-05-15__20-13-26/model-extraction-relu-logits__PKugsc6/agent	jobs/raw/2026-05-15__20-13-26/model-extraction-relu-logits__PKugsc6/verifier	0	3.01	completed						none	0	none	0					trial_result_missing_token_total	trial_result_missing_token_total	trial_result_missing_token_total	trial_result_missing_cost_total
trial	2026-05-15__20-13-26__modernize-scientific-stack__weKZWun	modernize-scientific-stack__weKZWun	argus-v12-redux	modernize-scientific-stack	/home/argustest/argus-skill/experiments/tb2-argus-v12-redux-20260515T201322Z	jobs/raw/2026-05-15__20-13-26/modernize-scientific-stack__weKZWun	jobs/raw/2026-05-15__20-13-26/modernize-scientific-stack__weKZWun/result.json		jobs/raw/2026-05-15__20-13-26/modernize-scientific-stack__weKZWun/trial.log	jobs/raw/2026-05-15__20-13-26/modernize-scientific-stack__weKZWun/config.json	jobs/raw/2026-05-15__20-13-26/modernize-scientific-stack__weKZWun/verifier/test-stdout.txt	jobs/raw/2026-05-15__20-13-26/modernize-scientific-stack__weKZWun/verifier/reward.txt	jobs/raw/2026-05-15__20-13-26/modernize-scientific-stack__weKZWun/verifier/ctrf.json	jobs/raw/2026-05-15__20-13-26/modernize-scientific-stack__weKZWun/agent	jobs/raw/2026-05-15__20-13-26/modernize-scientific-stack__weKZWun/verifier	0	5.17	completed						none	0	none	0					trial_result_missing_token_total	trial_result_missing_token_total	trial_result_missing_token_total	trial_result_missing_cost_total
trial	2026-05-15__20-13-26__mteb-leaderboard__UeAvMdP	mteb-leaderboard__UeAvMdP	argus-v12-redux	mteb-leaderboard	/home/argustest/argus-skill/experiments/tb2-argus-v12-redux-20260515T201322Z	jobs/raw/2026-05-15__20-13-26/mteb-leaderboard__UeAvMdP	jobs/raw/2026-05-15__20-13-26/mteb-leaderboard__UeAvMdP/result.json		jobs/raw/2026-05-15__20-13-26/mteb-leaderboard__UeAvMdP/trial.log	jobs/raw/2026-05-15__20-13-26/mteb-leaderboard__UeAvMdP/config.json	jobs/raw/2026-05-15__20-13-26/mteb-leaderboard__UeAvMdP/verifier/test-stdout.txt	jobs/raw/2026-05-15__20-13-26/mteb-leaderboard__UeAvMdP/verifier/reward.txt	jobs/raw/2026-05-15__20-13-26/mteb-leaderboard__UeAvMdP/verifier/ctrf.json	jobs/raw/2026-05-15__20-13-26/mteb-leaderboard__UeAvMdP/agent	jobs/raw/2026-05-15__20-13-26/mteb-leaderboard__UeAvMdP/verifier	0	2.40	completed						none	0	none	0					trial_result_missing_token_total	trial_result_missing_token_total	trial_result_missing_token_total	trial_result_missing_cost_total
trial	2026-05-15__20-13-26__mteb-retrieve__Qseqm33	mteb-retrieve__Qseqm33	argus-v12-redux	mteb-retrieve	/home/argustest/argus-skill/experiments/tb2-argus-v12-redux-20260515T201322Z	jobs/raw/2026-05-15__20-13-26/mteb-retrieve__Qseqm33	jobs/raw/2026-05-15__20-13-26/mteb-retrieve__Qseqm33/result.json		jobs/raw/2026-05-15__20-13-26/mteb-retrieve__Qseqm33/trial.log	jobs/raw/2026-05-15__20-13-26/mteb-retrieve__Qseqm33/config.json	jobs/raw/2026-05-15__20-13-26/mteb-retrieve__Qseqm33/verifier/test-stdout.txt	jobs/raw/2026-05-15__20-13-26/mteb-retrieve__Qseqm33/verifier/reward.txt	jobs/raw/2026-05-15__20-13-26/mteb-retrieve__Qseqm33/verifier/ctrf.json	jobs/raw/2026-05-15__20-13-26/mteb-retrieve__Qseqm33/agent	jobs/raw/2026-05-15__20-13-26/mteb-retrieve__Qseqm33/verifier	0	6.92	completed						none	0	none	0					trial_result_missing_token_total	trial_result_missing_token_total	trial_result_missing_token_total	trial_result_missing_cost_total
trial	2026-05-15__20-13-26__multi-source-data-merger__jvJPKTu	multi-source-data-merger__jvJPKTu	argus-v12-redux	multi-source-data-merger	/home/argustest/argus-skill/experiments/tb2-argus-v12-redux-20260515T201322Z	jobs/raw/2026-05-15__20-13-26/multi-source-data-merger__jvJPKTu	jobs/raw/2026-05-15__20-13-26/multi-source-data-merger__jvJPKTu/result.json		jobs/raw/2026-05-15__20-13-26/multi-source-data-merger__jvJPKTu/trial.log	jobs/raw/2026-05-15__20-13-26/multi-source-data-merger__jvJPKTu/config.json	jobs/raw/2026-05-15__20-13-26/multi-source-data-merger__jvJPKTu/verifier/test-stdout.txt	jobs/raw/2026-05-15__20-13-26/multi-source-data-merger__jvJPKTu/verifier/reward.txt	jobs/raw/2026-05-15__20-13-26/multi-source-data-merger__jvJPKTu/verifier/ctrf.json	jobs/raw/2026-05-15__20-13-26/multi-source-data-merger__jvJPKTu/agent	jobs/raw/2026-05-15__20-13-26/multi-source-data-merger__jvJPKTu/verifier	0	6.26	completed						none	0	none	0					trial_result_missing_token_total	trial_result_missing_token_total	trial_result_missing_token_total	trial_result_missing_cost_total
trial	2026-05-15__20-13-26__nginx-request-logging__282eMAe	nginx-request-logging__282eMAe	argus-v12-redux	nginx-request-logging	/home/argustest/argus-skill/experiments/tb2-argus-v12-redux-20260515T201322Z	jobs/raw/2026-05-15__20-13-26/nginx-request-logging__282eMAe	jobs/raw/2026-05-15__20-13-26/nginx-request-logging__282eMAe/result.json		jobs/raw/2026-05-15__20-13-26/nginx-request-logging__282eMAe/trial.log	jobs/raw/2026-05-15__20-13-26/nginx-request-logging__282eMAe/config.json	jobs/raw/2026-05-15__20-13-26/nginx-request-logging__282eMAe/verifier/test-stdout.txt	jobs/raw/2026-05-15__20-13-26/nginx-request-logging__282eMAe/verifier/reward.txt	jobs/raw/2026-05-15__20-13-26/nginx-request-logging__282eMAe/verifier/ctrf.json	jobs/raw/2026-05-15__20-13-26/nginx-request-logging__282eMAe/agent	jobs/raw/2026-05-15__20-13-26/nginx-request-logging__282eMAe/verifier	0	2.77	completed						none	0	none	0					trial_result_missing_token_total	trial_result_missing_token_total	trial_result_missing_token_total	trial_result_missing_cost_total
trial	2026-05-15__20-13-26__openssl-selfsigned-cert__emLTnVW	openssl-selfsigned-cert__emLTnVW	argus-v12-redux	openssl-selfsigned-cert	/home/argustest/argus-skill/experiments/tb2-argus-v12-redux-20260515T201322Z	jobs/raw/2026-05-15__20-13-26/openssl-selfsigned-cert__emLTnVW	jobs/raw/2026-05-15__20-13-26/openssl-selfsigned-cert__emLTnVW/result.json		jobs/raw/2026-05-15__20-13-26/openssl-selfsigned-cert__emLTnVW/trial.log	jobs/raw/2026-05-15__20-13-26/openssl-selfsigned-cert__emLTnVW/config.json	jobs/raw/2026-05-15__20-13-26/openssl-selfsigned-cert__emLTnVW/verifier/test-stdout.txt	jobs/raw/2026-05-15__20-13-26/openssl-selfsigned-cert__emLTnVW/verifier/reward.txt	jobs/raw/2026-05-15__20-13-26/openssl-selfsigned-cert__emLTnVW/verifier/ctrf.json	jobs/raw/2026-05-15__20-13-26/openssl-selfsigned-cert__emLTnVW/agent	jobs/raw/2026-05-15__20-13-26/openssl-selfsigned-cert__emLTnVW/verifier	0	2.42	completed						none	0	none	0					trial_result_missing_token_total	trial_result_missing_token_total	trial_result_missing_token_total	trial_result_missing_cost_total
trial	2026-05-15__20-13-26__overfull-hbox__ywL8fRZ	overfull-hbox__ywL8fRZ	argus-v12-redux	overfull-hbox	/home/argustest/argus-skill/experiments/tb2-argus-v12-redux-20260515T201322Z	jobs/raw/2026-05-15__20-13-26/overfull-hbox__ywL8fRZ	jobs/raw/2026-05-15__20-13-26/overfull-hbox__ywL8fRZ/result.json		jobs/raw/2026-05-15__20-13-26/overfull-hbox__ywL8fRZ/trial.log	jobs/raw/2026-05-15__20-13-26/overfull-hbox__ywL8fRZ/config.json				jobs/raw/2026-05-15__20-13-26/overfull-hbox__ywL8fRZ/agent	jobs/raw/2026-05-15__20-13-26/overfull-hbox__ywL8fRZ/verifier	0	0.48	error						RuntimeError	1	docker_address_pool_exhaustion	1					trial_result_missing_token_total	trial_result_missing_token_total	trial_result_missing_token_total	trial_result_missing_cost_total
trial	2026-05-15__20-13-26__password-recovery__mRTwZdR	password-recovery__mRTwZdR	argus-v12-redux	password-recovery	/home/argustest/argus-skill/experiments/tb2-argus-v12-redux-20260515T201322Z	jobs/raw/2026-05-15__20-13-26/password-recovery__mRTwZdR	jobs/raw/2026-05-15__20-13-26/password-recovery__mRTwZdR/result.json		jobs/raw/2026-05-15__20-13-26/password-recovery__mRTwZdR/trial.log	jobs/raw/2026-05-15__20-13-26/password-recovery__mRTwZdR/config.json				jobs/raw/2026-05-15__20-13-26/password-recovery__mRTwZdR/agent	jobs/raw/2026-05-15__20-13-26/password-recovery__mRTwZdR/verifier	0	0.01	error						RuntimeError	1	docker_address_pool_exhaustion	1					trial_result_missing_token_total	trial_result_missing_token_total	trial_result_missing_token_total	trial_result_missing_cost_total
trial	2026-05-15__20-13-26__path-tracing-reverse__nNjGkK4	path-tracing-reverse__nNjGkK4	argus-v12-redux	path-tracing-reverse	/home/argustest/argus-skill/experiments/tb2-argus-v12-redux-20260515T201322Z	jobs/raw/2026-05-15__20-13-26/path-tracing-reverse__nNjGkK4	jobs/raw/2026-05-15__20-13-26/path-tracing-reverse__nNjGkK4/result.json		jobs/raw/2026-05-15__20-13-26/path-tracing-reverse__nNjGkK4/trial.log	jobs/raw/2026-05-15__20-13-26/path-tracing-reverse__nNjGkK4/config.json				jobs/raw/2026-05-15__20-13-26/path-tracing-reverse__nNjGkK4/agent	jobs/raw/2026-05-15__20-13-26/path-tracing-reverse__nNjGkK4/verifier	0	0.01	error						RuntimeError	1	docker_address_pool_exhaustion	1					trial_result_missing_token_total	trial_result_missing_token_total	trial_result_missing_token_total	trial_result_missing_cost_total
trial	2026-05-15__20-13-26__path-tracing__xihMGow	path-tracing__xihMGow	argus-v12-redux	path-tracing	/home/argustest/argus-skill/experiments/tb2-argus-v12-redux-20260515T201322Z	jobs/raw/2026-05-15__20-13-26/path-tracing__xihMGow	jobs/raw/2026-05-15__20-13-26/path-tracing__xihMGow/result.json		jobs/raw/2026-05-15__20-13-26/path-tracing__xihMGow/trial.log	jobs/raw/2026-05-15__20-13-26/path-tracing__xihMGow/config.json	jobs/raw/2026-05-15__20-13-26/path-tracing__xihMGow/verifier/test-stdout.txt	jobs/raw/2026-05-15__20-13-26/path-tracing__xihMGow/verifier/reward.txt	jobs/raw/2026-05-15__20-13-26/path-tracing__xihMGow/verifier/ctrf.json	jobs/raw/2026-05-15__20-13-26/path-tracing__xihMGow/agent	jobs/raw/2026-05-15__20-13-26/path-tracing__xihMGow/verifier	0	4.22	completed						none	0	none	0					trial_result_missing_token_total	trial_result_missing_token_total	trial_result_missing_token_total	trial_result_missing_cost_total
trial	2026-05-15__20-13-26__polyglot-c-py__cMPCSCd	polyglot-c-py__cMPCSCd	argus-v12-redux	polyglot-c-py	/home/argustest/argus-skill/experiments/tb2-argus-v12-redux-20260515T201322Z	jobs/raw/2026-05-15__20-13-26/polyglot-c-py__cMPCSCd	jobs/raw/2026-05-15__20-13-26/polyglot-c-py__cMPCSCd/result.json		jobs/raw/2026-05-15__20-13-26/polyglot-c-py__cMPCSCd/trial.log	jobs/raw/2026-05-15__20-13-26/polyglot-c-py__cMPCSCd/config.json	jobs/raw/2026-05-15__20-13-26/polyglot-c-py__cMPCSCd/verifier/test-stdout.txt	jobs/raw/2026-05-15__20-13-26/polyglot-c-py__cMPCSCd/verifier/reward.txt	jobs/raw/2026-05-15__20-13-26/polyglot-c-py__cMPCSCd/verifier/ctrf.json	jobs/raw/2026-05-15__20-13-26/polyglot-c-py__cMPCSCd/agent	jobs/raw/2026-05-15__20-13-26/polyglot-c-py__cMPCSCd/verifier	0	3.90	completed						none	0	none	0					trial_result_missing_token_total	trial_result_missing_token_total	trial_result_missing_token_total	trial_result_missing_cost_total
trial	2026-05-15__20-13-26__polyglot-rust-c__dxwuvqu	polyglot-rust-c__dxwuvqu	argus-v12-redux	polyglot-rust-c	/home/argustest/argus-skill/experiments/tb2-argus-v12-redux-20260515T201322Z	jobs/raw/2026-05-15__20-13-26/polyglot-rust-c__dxwuvqu	jobs/raw/2026-05-15__20-13-26/polyglot-rust-c__dxwuvqu/result.json		jobs/raw/2026-05-15__20-13-26/polyglot-rust-c__dxwuvqu/trial.log	jobs/raw/2026-05-15__20-13-26/polyglot-rust-c__dxwuvqu/config.json	jobs/raw/2026-05-15__20-13-26/polyglot-rust-c__dxwuvqu/verifier/test-stdout.txt	jobs/raw/2026-05-15__20-13-26/polyglot-rust-c__dxwuvqu/verifier/reward.txt	jobs/raw/2026-05-15__20-13-26/polyglot-rust-c__dxwuvqu/verifier/ctrf.json	jobs/raw/2026-05-15__20-13-26/polyglot-rust-c__dxwuvqu/agent	jobs/raw/2026-05-15__20-13-26/polyglot-rust-c__dxwuvqu/verifier	0	3.13	completed						none	0	none	0					trial_result_missing_token_total	trial_result_missing_token_total	trial_result_missing_token_total	trial_result_missing_cost_total
trial	2026-05-15__20-13-26__portfolio-optimization__XN3hAeA	portfolio-optimization__XN3hAeA	argus-v12-redux	portfolio-optimization	/home/argustest/argus-skill/experiments/tb2-argus-v12-redux-20260515T201322Z	jobs/raw/2026-05-15__20-13-26/portfolio-optimization__XN3hAeA	jobs/raw/2026-05-15__20-13-26/portfolio-optimization__XN3hAeA/result.json		jobs/raw/2026-05-15__20-13-26/portfolio-optimization__XN3hAeA/trial.log	jobs/raw/2026-05-15__20-13-26/portfolio-optimization__XN3hAeA/config.json				jobs/raw/2026-05-15__20-13-26/portfolio-optimization__XN3hAeA/agent	jobs/raw/2026-05-15__20-13-26/portfolio-optimization__XN3hAeA/verifier	0	0.39	error						RuntimeError	1	docker_address_pool_exhaustion	1					trial_result_missing_token_total	trial_result_missing_token_total	trial_result_missing_token_total	trial_result_missing_cost_total
trial	2026-05-15__20-13-26__protein-assembly__KrmKDCG	protein-assembly__KrmKDCG	argus-v12-redux	protein-assembly	/home/argustest/argus-skill/experiments/tb2-argus-v12-redux-20260515T201322Z	jobs/raw/2026-05-15__20-13-26/protein-assembly__KrmKDCG	jobs/raw/2026-05-15__20-13-26/protein-assembly__KrmKDCG/result.json		jobs/raw/2026-05-15__20-13-26/protein-assembly__KrmKDCG/trial.log	jobs/raw/2026-05-15__20-13-26/protein-assembly__KrmKDCG/config.json				jobs/raw/2026-05-15__20-13-26/protein-assembly__KrmKDCG/agent	jobs/raw/2026-05-15__20-13-26/protein-assembly__KrmKDCG/verifier	0	0.01	error						RuntimeError	1	docker_address_pool_exhaustion	1					trial_result_missing_token_total	trial_result_missing_token_total	trial_result_missing_token_total	trial_result_missing_cost_total
trial	2026-05-15__20-13-26__prove-plus-comm__AfNTgec	prove-plus-comm__AfNTgec	argus-v12-redux	prove-plus-comm	/home/argustest/argus-skill/experiments/tb2-argus-v12-redux-20260515T201322Z	jobs/raw/2026-05-15__20-13-26/prove-plus-comm__AfNTgec	jobs/raw/2026-05-15__20-13-26/prove-plus-comm__AfNTgec/result.json		jobs/raw/2026-05-15__20-13-26/prove-plus-comm__AfNTgec/trial.log	jobs/raw/2026-05-15__20-13-26/prove-plus-comm__AfNTgec/config.json	jobs/raw/2026-05-15__20-13-26/prove-plus-comm__AfNTgec/verifier/test-stdout.txt	jobs/raw/2026-05-15__20-13-26/prove-plus-comm__AfNTgec/verifier/reward.txt	jobs/raw/2026-05-15__20-13-26/prove-plus-comm__AfNTgec/verifier/ctrf.json	jobs/raw/2026-05-15__20-13-26/prove-plus-comm__AfNTgec/agent	jobs/raw/2026-05-15__20-13-26/prove-plus-comm__AfNTgec/verifier	0	3.96	completed						none	0	none	0					trial_result_missing_token_total	trial_result_missing_token_total	trial_result_missing_token_total	trial_result_missing_cost_total
trial	2026-05-15__20-13-26__pypi-server__wsMPP5r	pypi-server__wsMPP5r	argus-v12-redux	pypi-server	/home/argustest/argus-skill/experiments/tb2-argus-v12-redux-20260515T201322Z	jobs/raw/2026-05-15__20-13-26/pypi-server__wsMPP5r	jobs/raw/2026-05-15__20-13-26/pypi-server__wsMPP5r/result.json		jobs/raw/2026-05-15__20-13-26/pypi-server__wsMPP5r/trial.log	jobs/raw/2026-05-15__20-13-26/pypi-server__wsMPP5r/config.json	jobs/raw/2026-05-15__20-13-26/pypi-server__wsMPP5r/verifier/test-stdout.txt	jobs/raw/2026-05-15__20-13-26/pypi-server__wsMPP5r/verifier/reward.txt	jobs/raw/2026-05-15__20-13-26/pypi-server__wsMPP5r/verifier/ctrf.json	jobs/raw/2026-05-15__20-13-26/pypi-server__wsMPP5r/agent	jobs/raw/2026-05-15__20-13-26/pypi-server__wsMPP5r/verifier	0	4.70	completed						none	0	none	0					trial_result_missing_token_total	trial_result_missing_token_total	trial_result_missing_token_total	trial_result_missing_cost_total
trial	2026-05-15__20-13-26__pytorch-model-cli__rjdSaei	pytorch-model-cli__rjdSaei	argus-v12-redux	pytorch-model-cli	/home/argustest/argus-skill/experiments/tb2-argus-v12-redux-20260515T201322Z	jobs/raw/2026-05-15__20-13-26/pytorch-model-cli__rjdSaei	jobs/raw/2026-05-15__20-13-26/pytorch-model-cli__rjdSaei/result.json		jobs/raw/2026-05-15__20-13-26/pytorch-model-cli__rjdSaei/trial.log	jobs/raw/2026-05-15__20-13-26/pytorch-model-cli__rjdSaei/config.json				jobs/raw/2026-05-15__20-13-26/pytorch-model-cli__rjdSaei/agent	jobs/raw/2026-05-15__20-13-26/pytorch-model-cli__rjdSaei/verifier	0	0.19	error						RuntimeError	1	docker_address_pool_exhaustion	1					trial_result_missing_token_total	trial_result_missing_token_total	trial_result_missing_token_total	trial_result_missing_cost_total
trial	2026-05-15__20-13-26__pytorch-model-recovery__QHARGDM	pytorch-model-recovery__QHARGDM	argus-v12-redux	pytorch-model-recovery	/home/argustest/argus-skill/experiments/tb2-argus-v12-redux-20260515T201322Z	jobs/raw/2026-05-15__20-13-26/pytorch-model-recovery__QHARGDM	jobs/raw/2026-05-15__20-13-26/pytorch-model-recovery__QHARGDM/result.json		jobs/raw/2026-05-15__20-13-26/pytorch-model-recovery__QHARGDM/trial.log	jobs/raw/2026-05-15__20-13-26/pytorch-model-recovery__QHARGDM/config.json	jobs/raw/2026-05-15__20-13-26/pytorch-model-recovery__QHARGDM/verifier/test-stdout.txt	jobs/raw/2026-05-15__20-13-26/pytorch-model-recovery__QHARGDM/verifier/reward.txt	jobs/raw/2026-05-15__20-13-26/pytorch-model-recovery__QHARGDM/verifier/ctrf.json	jobs/raw/2026-05-15__20-13-26/pytorch-model-recovery__QHARGDM/agent	jobs/raw/2026-05-15__20-13-26/pytorch-model-recovery__QHARGDM/verifier	0	7.88	completed						none	0	none	0					trial_result_missing_token_total	trial_result_missing_token_total	trial_result_missing_token_total	trial_result_missing_cost_total
trial	2026-05-15__20-13-26__qemu-alpine-ssh__tqe6y8a	qemu-alpine-ssh__tqe6y8a	argus-v12-redux	qemu-alpine-ssh	/home/argustest/argus-skill/experiments/tb2-argus-v12-redux-20260515T201322Z	jobs/raw/2026-05-15__20-13-26/qemu-alpine-ssh__tqe6y8a	jobs/raw/2026-05-15__20-13-26/qemu-alpine-ssh__tqe6y8a/result.json		jobs/raw/2026-05-15__20-13-26/qemu-alpine-ssh__tqe6y8a/trial.log	jobs/raw/2026-05-15__20-13-26/qemu-alpine-ssh__tqe6y8a/config.json	jobs/raw/2026-05-15__20-13-26/qemu-alpine-ssh__tqe6y8a/verifier/test-stdout.txt	jobs/raw/2026-05-15__20-13-26/qemu-alpine-ssh__tqe6y8a/verifier/reward.txt	jobs/raw/2026-05-15__20-13-26/qemu-alpine-ssh__tqe6y8a/verifier/ctrf.json	jobs/raw/2026-05-15__20-13-26/qemu-alpine-ssh__tqe6y8a/agent	jobs/raw/2026-05-15__20-13-26/qemu-alpine-ssh__tqe6y8a/verifier	0	6.52	completed						none	0	none	0					trial_result_missing_token_total	trial_result_missing_token_total	trial_result_missing_token_total	trial_result_missing_cost_total
trial	2026-05-15__20-13-26__qemu-startup__LkhntDG	qemu-startup__LkhntDG	argus-v12-redux	qemu-startup	/home/argustest/argus-skill/experiments/tb2-argus-v12-redux-20260515T201322Z	jobs/raw/2026-05-15__20-13-26/qemu-startup__LkhntDG	jobs/raw/2026-05-15__20-13-26/qemu-startup__LkhntDG/result.json		jobs/raw/2026-05-15__20-13-26/qemu-startup__LkhntDG/trial.log	jobs/raw/2026-05-15__20-13-26/qemu-startup__LkhntDG/config.json	jobs/raw/2026-05-15__20-13-26/qemu-startup__LkhntDG/verifier/test-stdout.txt	jobs/raw/2026-05-15__20-13-26/qemu-startup__LkhntDG/verifier/reward.txt	jobs/raw/2026-05-15__20-13-26/qemu-startup__LkhntDG/verifier/ctrf.json	jobs/raw/2026-05-15__20-13-26/qemu-startup__LkhntDG/agent	jobs/raw/2026-05-15__20-13-26/qemu-startup__LkhntDG/verifier	0	3.43	completed						none	0	none	0					trial_result_missing_token_total	trial_result_missing_token_total	trial_result_missing_token_total	trial_result_missing_cost_total
trial	2026-05-15__20-13-26__query-optimize__5waSw37	query-optimize__5waSw37	argus-v12-redux	query-optimize	/home/argustest/argus-skill/experiments/tb2-argus-v12-redux-20260515T201322Z	jobs/raw/2026-05-15__20-13-26/query-optimize__5waSw37	jobs/raw/2026-05-15__20-13-26/query-optimize__5waSw37/result.json		jobs/raw/2026-05-15__20-13-26/query-optimize__5waSw37/trial.log	jobs/raw/2026-05-15__20-13-26/query-optimize__5waSw37/config.json	jobs/raw/2026-05-15__20-13-26/query-optimize__5waSw37/verifier/test-stdout.txt	jobs/raw/2026-05-15__20-13-26/query-optimize__5waSw37/verifier/reward.txt	jobs/raw/2026-05-15__20-13-26/query-optimize__5waSw37/verifier/ctrf.json	jobs/raw/2026-05-15__20-13-26/query-optimize__5waSw37/agent	jobs/raw/2026-05-15__20-13-26/query-optimize__5waSw37/verifier	0	11.88	completed						none	0	none	0					trial_result_missing_token_total	trial_result_missing_token_total	trial_result_missing_token_total	trial_result_missing_cost_total
trial	2026-05-15__20-13-26__raman-fitting__8kFPFhT	raman-fitting__8kFPFhT	argus-v12-redux	raman-fitting	/home/argustest/argus-skill/experiments/tb2-argus-v12-redux-20260515T201322Z	jobs/raw/2026-05-15__20-13-26/raman-fitting__8kFPFhT	jobs/raw/2026-05-15__20-13-26/raman-fitting__8kFPFhT/result.json		jobs/raw/2026-05-15__20-13-26/raman-fitting__8kFPFhT/trial.log	jobs/raw/2026-05-15__20-13-26/raman-fitting__8kFPFhT/config.json	jobs/raw/2026-05-15__20-13-26/raman-fitting__8kFPFhT/verifier/test-stdout.txt	jobs/raw/2026-05-15__20-13-26/raman-fitting__8kFPFhT/verifier/reward.txt	jobs/raw/2026-05-15__20-13-26/raman-fitting__8kFPFhT/verifier/ctrf.json	jobs/raw/2026-05-15__20-13-26/raman-fitting__8kFPFhT/agent	jobs/raw/2026-05-15__20-13-26/raman-fitting__8kFPFhT/verifier	0	3.08	completed						none	0	none	0					trial_result_missing_token_total	trial_result_missing_token_total	trial_result_missing_token_total	trial_result_missing_cost_total
trial	2026-05-15__20-13-26__regex-chess__zTiaNAp	regex-chess__zTiaNAp	argus-v12-redux	regex-chess	/home/argustest/argus-skill/experiments/tb2-argus-v12-redux-20260515T201322Z	jobs/raw/2026-05-15__20-13-26/regex-chess__zTiaNAp	jobs/raw/2026-05-15__20-13-26/regex-chess__zTiaNAp/result.json		jobs/raw/2026-05-15__20-13-26/regex-chess__zTiaNAp/trial.log	jobs/raw/2026-05-15__20-13-26/regex-chess__zTiaNAp/config.json	jobs/raw/2026-05-15__20-13-26/regex-chess__zTiaNAp/verifier/test-stdout.txt	jobs/raw/2026-05-15__20-13-26/regex-chess__zTiaNAp/verifier/reward.txt	jobs/raw/2026-05-15__20-13-26/regex-chess__zTiaNAp/verifier/ctrf.json	jobs/raw/2026-05-15__20-13-26/regex-chess__zTiaNAp/agent	jobs/raw/2026-05-15__20-13-26/regex-chess__zTiaNAp/verifier	0	5.95	completed						none	0	none	0					trial_result_missing_token_total	trial_result_missing_token_total	trial_result_missing_token_total	trial_result_missing_cost_total
trial	2026-05-15__20-13-26__regex-log__33SZu5s	regex-log__33SZu5s	argus-v12-redux	regex-log	/home/argustest/argus-skill/experiments/tb2-argus-v12-redux-20260515T201322Z	jobs/raw/2026-05-15__20-13-26/regex-log__33SZu5s	jobs/raw/2026-05-15__20-13-26/regex-log__33SZu5s/result.json		jobs/raw/2026-05-15__20-13-26/regex-log__33SZu5s/trial.log	jobs/raw/2026-05-15__20-13-26/regex-log__33SZu5s/config.json				jobs/raw/2026-05-15__20-13-26/regex-log__33SZu5s/agent	jobs/raw/2026-05-15__20-13-26/regex-log__33SZu5s/verifier	0	0.01	error						RuntimeError	1	docker_address_pool_exhaustion	1					trial_result_missing_token_total	trial_result_missing_token_total	trial_result_missing_token_total	trial_result_missing_cost_total
trial	2026-05-15__20-13-26__reshard-c4-data__MsRUpeP	reshard-c4-data__MsRUpeP	argus-v12-redux	reshard-c4-data	/home/argustest/argus-skill/experiments/tb2-argus-v12-redux-20260515T201322Z	jobs/raw/2026-05-15__20-13-26/reshard-c4-data__MsRUpeP	jobs/raw/2026-05-15__20-13-26/reshard-c4-data__MsRUpeP/result.json		jobs/raw/2026-05-15__20-13-26/reshard-c4-data__MsRUpeP/trial.log	jobs/raw/2026-05-15__20-13-26/reshard-c4-data__MsRUpeP/config.json				jobs/raw/2026-05-15__20-13-26/reshard-c4-data__MsRUpeP/agent	jobs/raw/2026-05-15__20-13-26/reshard-c4-data__MsRUpeP/verifier	0	1.26	error						RuntimeError	1	docker_address_pool_exhaustion	1					trial_result_missing_token_total	trial_result_missing_token_total	trial_result_missing_token_total	trial_result_missing_cost_total
trial	2026-05-15__20-13-26__rstan-to-pystan__rkELfX9	rstan-to-pystan__rkELfX9	argus-v12-redux	rstan-to-pystan	/home/argustest/argus-skill/experiments/tb2-argus-v12-redux-20260515T201322Z	jobs/raw/2026-05-15__20-13-26/rstan-to-pystan__rkELfX9	jobs/raw/2026-05-15__20-13-26/rstan-to-pystan__rkELfX9/result.json		jobs/raw/2026-05-15__20-13-26/rstan-to-pystan__rkELfX9/trial.log	jobs/raw/2026-05-15__20-13-26/rstan-to-pystan__rkELfX9/config.json	jobs/raw/2026-05-15__20-13-26/rstan-to-pystan__rkELfX9/verifier/test-stdout.txt	jobs/raw/2026-05-15__20-13-26/rstan-to-pystan__rkELfX9/verifier/reward.txt	jobs/raw/2026-05-15__20-13-26/rstan-to-pystan__rkELfX9/verifier/ctrf.json	jobs/raw/2026-05-15__20-13-26/rstan-to-pystan__rkELfX9/agent	jobs/raw/2026-05-15__20-13-26/rstan-to-pystan__rkELfX9/verifier	0	2.53	completed						none	0	none	0					trial_result_missing_token_total	trial_result_missing_token_total	trial_result_missing_token_total	trial_result_missing_cost_total
trial	2026-05-15__20-13-26__sam-cell-seg__yqrY72S	sam-cell-seg__yqrY72S	argus-v12-redux	sam-cell-seg	/home/argustest/argus-skill/experiments/tb2-argus-v12-redux-20260515T201322Z	jobs/raw/2026-05-15__20-13-26/sam-cell-seg__yqrY72S	jobs/raw/2026-05-15__20-13-26/sam-cell-seg__yqrY72S/result.json		jobs/raw/2026-05-15__20-13-26/sam-cell-seg__yqrY72S/trial.log	jobs/raw/2026-05-15__20-13-26/sam-cell-seg__yqrY72S/config.json	jobs/raw/2026-05-15__20-13-26/sam-cell-seg__yqrY72S/verifier/test-stdout.txt	jobs/raw/2026-05-15__20-13-26/sam-cell-seg__yqrY72S/verifier/reward.txt	jobs/raw/2026-05-15__20-13-26/sam-cell-seg__yqrY72S/verifier/ctrf.json	jobs/raw/2026-05-15__20-13-26/sam-cell-seg__yqrY72S/agent	jobs/raw/2026-05-15__20-13-26/sam-cell-seg__yqrY72S/verifier	0	4.16	completed						none	0	none	0					trial_result_missing_token_total	trial_result_missing_token_total	trial_result_missing_token_total	trial_result_missing_cost_total
trial	2026-05-15__20-13-26__sanitize-git-repo__tsRpc5v	sanitize-git-repo__tsRpc5v	argus-v12-redux	sanitize-git-repo	/home/argustest/argus-skill/experiments/tb2-argus-v12-redux-20260515T201322Z	jobs/raw/2026-05-15__20-13-26/sanitize-git-repo__tsRpc5v	jobs/raw/2026-05-15__20-13-26/sanitize-git-repo__tsRpc5v/result.json		jobs/raw/2026-05-15__20-13-26/sanitize-git-repo__tsRpc5v/trial.log	jobs/raw/2026-05-15__20-13-26/sanitize-git-repo__tsRpc5v/config.json	jobs/raw/2026-05-15__20-13-26/sanitize-git-repo__tsRpc5v/verifier/test-stdout.txt	jobs/raw/2026-05-15__20-13-26/sanitize-git-repo__tsRpc5v/verifier/reward.txt	jobs/raw/2026-05-15__20-13-26/sanitize-git-repo__tsRpc5v/verifier/ctrf.json	jobs/raw/2026-05-15__20-13-26/sanitize-git-repo__tsRpc5v/agent	jobs/raw/2026-05-15__20-13-26/sanitize-git-repo__tsRpc5v/verifier	0	2.55	completed						none	0	none	0					trial_result_missing_token_total	trial_result_missing_token_total	trial_result_missing_token_total	trial_result_missing_cost_total
trial	2026-05-15__20-13-26__schemelike-metacircular-eval__RDsFKC9	schemelike-metacircular-eval__RDsFKC9	argus-v12-redux	schemelike-metacircular-eval	/home/argustest/argus-skill/experiments/tb2-argus-v12-redux-20260515T201322Z	jobs/raw/2026-05-15__20-13-26/schemelike-metacircular-eval__RDsFKC9	jobs/raw/2026-05-15__20-13-26/schemelike-metacircular-eval__RDsFKC9/result.json		jobs/raw/2026-05-15__20-13-26/schemelike-metacircular-eval__RDsFKC9/trial.log	jobs/raw/2026-05-15__20-13-26/schemelike-metacircular-eval__RDsFKC9/config.json	jobs/raw/2026-05-15__20-13-26/schemelike-metacircular-eval__RDsFKC9/verifier/test-stdout.txt	jobs/raw/2026-05-15__20-13-26/schemelike-metacircular-eval__RDsFKC9/verifier/reward.txt	jobs/raw/2026-05-15__20-13-26/schemelike-metacircular-eval__RDsFKC9/verifier/ctrf.json	jobs/raw/2026-05-15__20-13-26/schemelike-metacircular-eval__RDsFKC9/agent	jobs/raw/2026-05-15__20-13-26/schemelike-metacircular-eval__RDsFKC9/verifier	0	3.82	completed						none	0	none	0					trial_result_missing_token_total	trial_result_missing_token_total	trial_result_missing_token_total	trial_result_missing_cost_total
trial	2026-05-15__20-13-26__sparql-university__pMMDh72	sparql-university__pMMDh72	argus-v12-redux	sparql-university	/home/argustest/argus-skill/experiments/tb2-argus-v12-redux-20260515T201322Z	jobs/raw/2026-05-15__20-13-26/sparql-university__pMMDh72	jobs/raw/2026-05-15__20-13-26/sparql-university__pMMDh72/result.json		jobs/raw/2026-05-15__20-13-26/sparql-university__pMMDh72/trial.log	jobs/raw/2026-05-15__20-13-26/sparql-university__pMMDh72/config.json	jobs/raw/2026-05-15__20-13-26/sparql-university__pMMDh72/verifier/test-stdout.txt	jobs/raw/2026-05-15__20-13-26/sparql-university__pMMDh72/verifier/reward.txt	jobs/raw/2026-05-15__20-13-26/sparql-university__pMMDh72/verifier/ctrf.json	jobs/raw/2026-05-15__20-13-26/sparql-university__pMMDh72/agent	jobs/raw/2026-05-15__20-13-26/sparql-university__pMMDh72/verifier	0	3.48	completed						none	0	none	0					trial_result_missing_token_total	trial_result_missing_token_total	trial_result_missing_token_total	trial_result_missing_cost_total
trial	2026-05-15__20-13-26__sqlite-db-truncate__UY98F87	sqlite-db-truncate__UY98F87	argus-v12-redux	sqlite-db-truncate	/home/argustest/argus-skill/experiments/tb2-argus-v12-redux-20260515T201322Z	jobs/raw/2026-05-15__20-13-26/sqlite-db-truncate__UY98F87	jobs/raw/2026-05-15__20-13-26/sqlite-db-truncate__UY98F87/result.json		jobs/raw/2026-05-15__20-13-26/sqlite-db-truncate__UY98F87/trial.log	jobs/raw/2026-05-15__20-13-26/sqlite-db-truncate__UY98F87/config.json	jobs/raw/2026-05-15__20-13-26/sqlite-db-truncate__UY98F87/verifier/test-stdout.txt	jobs/raw/2026-05-15__20-13-26/sqlite-db-truncate__UY98F87/verifier/reward.txt	jobs/raw/2026-05-15__20-13-26/sqlite-db-truncate__UY98F87/verifier/ctrf.json	jobs/raw/2026-05-15__20-13-26/sqlite-db-truncate__UY98F87/agent	jobs/raw/2026-05-15__20-13-26/sqlite-db-truncate__UY98F87/verifier	0	2.63	completed						none	0	none	0					trial_result_missing_token_total	trial_result_missing_token_total	trial_result_missing_token_total	trial_result_missing_cost_total
trial	2026-05-15__20-13-26__sqlite-with-gcov__D44cA2r	sqlite-with-gcov__D44cA2r	argus-v12-redux	sqlite-with-gcov	/home/argustest/argus-skill/experiments/tb2-argus-v12-redux-20260515T201322Z	jobs/raw/2026-05-15__20-13-26/sqlite-with-gcov__D44cA2r	jobs/raw/2026-05-15__20-13-26/sqlite-with-gcov__D44cA2r/result.json		jobs/raw/2026-05-15__20-13-26/sqlite-with-gcov__D44cA2r/trial.log	jobs/raw/2026-05-15__20-13-26/sqlite-with-gcov__D44cA2r/config.json	jobs/raw/2026-05-15__20-13-26/sqlite-with-gcov__D44cA2r/verifier/test-stdout.txt	jobs/raw/2026-05-15__20-13-26/sqlite-with-gcov__D44cA2r/verifier/reward.txt	jobs/raw/2026-05-15__20-13-26/sqlite-with-gcov__D44cA2r/verifier/ctrf.json	jobs/raw/2026-05-15__20-13-26/sqlite-with-gcov__D44cA2r/agent	jobs/raw/2026-05-15__20-13-26/sqlite-with-gcov__D44cA2r/verifier	0	2.52	completed						none	0	none	0					trial_result_missing_token_total	trial_result_missing_token_total	trial_result_missing_token_total	trial_result_missing_cost_total
trial	2026-05-15__20-13-26__torch-pipeline-parallelism__FYjAPUg	torch-pipeline-parallelism__FYjAPUg	argus-v12-redux	torch-pipeline-parallelism	/home/argustest/argus-skill/experiments/tb2-argus-v12-redux-20260515T201322Z	jobs/raw/2026-05-15__20-13-26/torch-pipeline-parallelism__FYjAPUg	jobs/raw/2026-05-15__20-13-26/torch-pipeline-parallelism__FYjAPUg/result.json		jobs/raw/2026-05-15__20-13-26/torch-pipeline-parallelism__FYjAPUg/trial.log	jobs/raw/2026-05-15__20-13-26/torch-pipeline-parallelism__FYjAPUg/config.json	jobs/raw/2026-05-15__20-13-26/torch-pipeline-parallelism__FYjAPUg/verifier/test-stdout.txt	jobs/raw/2026-05-15__20-13-26/torch-pipeline-parallelism__FYjAPUg/verifier/reward.txt	jobs/raw/2026-05-15__20-13-26/torch-pipeline-parallelism__FYjAPUg/verifier/ctrf.json	jobs/raw/2026-05-15__20-13-26/torch-pipeline-parallelism__FYjAPUg/agent	jobs/raw/2026-05-15__20-13-26/torch-pipeline-parallelism__FYjAPUg/verifier	0	7.25	completed						none	0	none	0					trial_result_missing_token_total	trial_result_missing_token_total	trial_result_missing_token_total	trial_result_missing_cost_total
trial	2026-05-15__20-13-26__torch-tensor-parallelism__8QXq8Fv	torch-tensor-parallelism__8QXq8Fv	argus-v12-redux	torch-tensor-parallelism	/home/argustest/argus-skill/experiments/tb2-argus-v12-redux-20260515T201322Z	jobs/raw/2026-05-15__20-13-26/torch-tensor-parallelism__8QXq8Fv	jobs/raw/2026-05-15__20-13-26/torch-tensor-parallelism__8QXq8Fv/result.json		jobs/raw/2026-05-15__20-13-26/torch-tensor-parallelism__8QXq8Fv/trial.log	jobs/raw/2026-05-15__20-13-26/torch-tensor-parallelism__8QXq8Fv/config.json	jobs/raw/2026-05-15__20-13-26/torch-tensor-parallelism__8QXq8Fv/verifier/test-stdout.txt	jobs/raw/2026-05-15__20-13-26/torch-tensor-parallelism__8QXq8Fv/verifier/reward.txt	jobs/raw/2026-05-15__20-13-26/torch-tensor-parallelism__8QXq8Fv/verifier/ctrf.json	jobs/raw/2026-05-15__20-13-26/torch-tensor-parallelism__8QXq8Fv/agent	jobs/raw/2026-05-15__20-13-26/torch-tensor-parallelism__8QXq8Fv/verifier	0	9.45	completed						none	0	none	0					trial_result_missing_token_total	trial_result_missing_token_total	trial_result_missing_token_total	trial_result_missing_cost_total
trial	2026-05-15__20-13-26__train-fasttext__SsZZdLU	train-fasttext__SsZZdLU	argus-v12-redux	train-fasttext	/home/argustest/argus-skill/experiments/tb2-argus-v12-redux-20260515T201322Z	jobs/raw/2026-05-15__20-13-26/train-fasttext__SsZZdLU	jobs/raw/2026-05-15__20-13-26/train-fasttext__SsZZdLU/result.json		jobs/raw/2026-05-15__20-13-26/train-fasttext__SsZZdLU/trial.log	jobs/raw/2026-05-15__20-13-26/train-fasttext__SsZZdLU/config.json	jobs/raw/2026-05-15__20-13-26/train-fasttext__SsZZdLU/verifier/test-stdout.txt	jobs/raw/2026-05-15__20-13-26/train-fasttext__SsZZdLU/verifier/reward.txt	jobs/raw/2026-05-15__20-13-26/train-fasttext__SsZZdLU/verifier/ctrf.json	jobs/raw/2026-05-15__20-13-26/train-fasttext__SsZZdLU/agent	jobs/raw/2026-05-15__20-13-26/train-fasttext__SsZZdLU/verifier	0	6.97	completed						none	0	none	0					trial_result_missing_token_total	trial_result_missing_token_total	trial_result_missing_token_total	trial_result_missing_cost_total
trial	2026-05-15__20-13-26__tune-mjcf__McKUSzG	tune-mjcf__McKUSzG	argus-v12-redux	tune-mjcf	/home/argustest/argus-skill/experiments/tb2-argus-v12-redux-20260515T201322Z	jobs/raw/2026-05-15__20-13-26/tune-mjcf__McKUSzG	jobs/raw/2026-05-15__20-13-26/tune-mjcf__McKUSzG/result.json		jobs/raw/2026-05-15__20-13-26/tune-mjcf__McKUSzG/trial.log	jobs/raw/2026-05-15__20-13-26/tune-mjcf__McKUSzG/config.json	jobs/raw/2026-05-15__20-13-26/tune-mjcf__McKUSzG/verifier/test-stdout.txt	jobs/raw/2026-05-15__20-13-26/tune-mjcf__McKUSzG/verifier/reward.txt	jobs/raw/2026-05-15__20-13-26/tune-mjcf__McKUSzG/verifier/ctrf.json	jobs/raw/2026-05-15__20-13-26/tune-mjcf__McKUSzG/agent	jobs/raw/2026-05-15__20-13-26/tune-mjcf__McKUSzG/verifier	0	5.58	completed						none	0	none	0					trial_result_missing_token_total	trial_result_missing_token_total	trial_result_missing_token_total	trial_result_missing_cost_total
trial	2026-05-15__20-13-26__video-processing__iRmbS7H	video-processing__iRmbS7H	argus-v12-redux	video-processing	/home/argustest/argus-skill/experiments/tb2-argus-v12-redux-20260515T201322Z	jobs/raw/2026-05-15__20-13-26/video-processing__iRmbS7H	jobs/raw/2026-05-15__20-13-26/video-processing__iRmbS7H/result.json		jobs/raw/2026-05-15__20-13-26/video-processing__iRmbS7H/trial.log	jobs/raw/2026-05-15__20-13-26/video-processing__iRmbS7H/config.json	jobs/raw/2026-05-15__20-13-26/video-processing__iRmbS7H/verifier/test-stdout.txt	jobs/raw/2026-05-15__20-13-26/video-processing__iRmbS7H/verifier/reward.txt	jobs/raw/2026-05-15__20-13-26/video-processing__iRmbS7H/verifier/ctrf.json	jobs/raw/2026-05-15__20-13-26/video-processing__iRmbS7H/agent	jobs/raw/2026-05-15__20-13-26/video-processing__iRmbS7H/verifier	0	6.55	completed						none	0	none	0					trial_result_missing_token_total	trial_result_missing_token_total	trial_result_missing_token_total	trial_result_missing_cost_total
trial	2026-05-15__20-13-26__vulnerable-secret__fJevzkL	vulnerable-secret__fJevzkL	argus-v12-redux	vulnerable-secret	/home/argustest/argus-skill/experiments/tb2-argus-v12-redux-20260515T201322Z	jobs/raw/2026-05-15__20-13-26/vulnerable-secret__fJevzkL	jobs/raw/2026-05-15__20-13-26/vulnerable-secret__fJevzkL/result.json		jobs/raw/2026-05-15__20-13-26/vulnerable-secret__fJevzkL/trial.log	jobs/raw/2026-05-15__20-13-26/vulnerable-secret__fJevzkL/config.json	jobs/raw/2026-05-15__20-13-26/vulnerable-secret__fJevzkL/verifier/test-stdout.txt	jobs/raw/2026-05-15__20-13-26/vulnerable-secret__fJevzkL/verifier/reward.txt	jobs/raw/2026-05-15__20-13-26/vulnerable-secret__fJevzkL/verifier/ctrf.json	jobs/raw/2026-05-15__20-13-26/vulnerable-secret__fJevzkL/agent	jobs/raw/2026-05-15__20-13-26/vulnerable-secret__fJevzkL/verifier	0	2.72	completed						none	0	none	0					trial_result_missing_token_total	trial_result_missing_token_total	trial_result_missing_token_total	trial_result_missing_cost_total
trial	2026-05-15__20-13-26__winning-avg-corewars__KnexMhS	winning-avg-corewars__KnexMhS	argus-v12-redux	winning-avg-corewars	/home/argustest/argus-skill/experiments/tb2-argus-v12-redux-20260515T201322Z	jobs/raw/2026-05-15__20-13-26/winning-avg-corewars__KnexMhS	jobs/raw/2026-05-15__20-13-26/winning-avg-corewars__KnexMhS/result.json		jobs/raw/2026-05-15__20-13-26/winning-avg-corewars__KnexMhS/trial.log	jobs/raw/2026-05-15__20-13-26/winning-avg-corewars__KnexMhS/config.json	jobs/raw/2026-05-15__20-13-26/winning-avg-corewars__KnexMhS/verifier/test-stdout.txt	jobs/raw/2026-05-15__20-13-26/winning-avg-corewars__KnexMhS/verifier/reward.txt	jobs/raw/2026-05-15__20-13-26/winning-avg-corewars__KnexMhS/verifier/ctrf.json	jobs/raw/2026-05-15__20-13-26/winning-avg-corewars__KnexMhS/agent	jobs/raw/2026-05-15__20-13-26/winning-avg-corewars__KnexMhS/verifier	0	5.09	completed						none	0	none	0					trial_result_missing_token_total	trial_result_missing_token_total	trial_result_missing_token_total	trial_result_missing_cost_total
trial	2026-05-15__20-13-26__write-compressor__tBzTiqQ	write-compressor__tBzTiqQ	argus-v12-redux	write-compressor	/home/argustest/argus-skill/experiments/tb2-argus-v12-redux-20260515T201322Z	jobs/raw/2026-05-15__20-13-26/write-compressor__tBzTiqQ	jobs/raw/2026-05-15__20-13-26/write-compressor__tBzTiqQ/result.json		jobs/raw/2026-05-15__20-13-26/write-compressor__tBzTiqQ/trial.log	jobs/raw/2026-05-15__20-13-26/write-compressor__tBzTiqQ/config.json	jobs/raw/2026-05-15__20-13-26/write-compressor__tBzTiqQ/verifier/test-stdout.txt	jobs/raw/2026-05-15__20-13-26/write-compressor__tBzTiqQ/verifier/reward.txt	jobs/raw/2026-05-15__20-13-26/write-compressor__tBzTiqQ/verifier/ctrf.json	jobs/raw/2026-05-15__20-13-26/write-compressor__tBzTiqQ/agent	jobs/raw/2026-05-15__20-13-26/write-compressor__tBzTiqQ/verifier	0	6.74	completed						none	0	none	0					trial_result_missing_token_total	trial_result_missing_token_total	trial_result_missing_token_total	trial_result_missing_cost_total
